ID;Raison Sociale;Activité;Adresse;Localisation;Coordinates;CODE POSTAL;Secteur géographique;Responsable de l'entreprise;Téléphone entreprise;Téléphone Portable;Mail;Site internet de l'entreprise;Logo
ENT-0001;Agence CENTURY 21 Riquelme Immobilier;Agence Immobilière ;1029 Boulevard Blaise Doumerc 82000 Montauban;Agence CENTURY 21 Riquelme Immobilier 1029 Boulevard Blaise Doumerc 82000 Montauban;44.0210145,1.3617315;82000;MONTAUBAN;Nicolas RIQUELME;05 63 91 63 33;;riquelme.immobilier@century21france.fr;https://www.century21riquelmeimmobilier.com/;https://www.century21-aravis-grand-bornand.com/imagesBien/202/225/v5/1539619140.jpg
ENT-0002;Agence Nestenn Immobilier Montauban Lacapelle;Agence Immobilière ;119 Fbg Lacapelle 82000 Montauban;Agence Nestenn Immobilier Montauban Lacapelle 119 Fbg Lacapelle 82000 Montauban;44.01519210000001,1.3573252;82000;MONTAUBAN;;05 63 20 36 02;;blazy.immobilier@nestenn.com;https://immobilier-montauban-lacapelle.nestenn.com/;https://nestenn.com/public/img/defaut_logo.jpg
ENT-0003;Agence Immobilière Montauban : ARTHURIMMO Grand Montauban;Agence Immobilière ;12 Place Franklin Roosevelt 82000 Montauban;Agence Immobilière Montauban : ARTHURIMMO Grand Montauban 12 Place Franklin Roosevelt 82000 Montauban;44.0156684,1.3538847;82000;MONTAUBAN;;05 82 17 01 20;;montauban@arthurimmo.com;https://www.arthurimmo.com/immobilier/tout/immo-montauban-82;https://tse3.mm.bing.net/th/id/OIP.D1YnHq7lTB1qF6WJSy2g9gHaHa?r=0&pid=Api&h=220&P=0
ENT-0004;Human Immobilier Montauban;Agence Immobilière ;14 Place Franklin Roosevelt 82000 Montauban;Human Immobilier Montauban 14 Place Franklin Roosevelt 82000 Montauban;44.0159639,1.3541017;82000;MONTAUBAN;;05 63 66 07 72;;;https://www.human-immobilier.fr/montauban;https://cdn.jobijoba.com/files/smartforum/mb_cci_gers/business_directory/8f/8f715575-9b80-4502-a281-e8c0800d573c.jpg
ENT-0258;Citya Naudin;Agence Immobilière ;3 place Prax Paris 82000 Montauban;Citya Naudin 3 place Prax Paris 82000 Montauban;44.0172899,1.3578406;82000;MONTAUBAN;;05 63 63 37 40;;;https://www.citya.com/agences-immobilieres/montauban-82000/391;https://encrypted-tbn0.gstatic.com/images?q=tbn:ANd9GcQZdPrtrfhJoMgce_4WFUirSpfR0GP3oC5Mg_elRlcQLw&s=10
ENT-0006;Agence Immobilière LAFORET Montauban;Agence Immobilière ;15 Allée. de l'Empereur 82000 Montauban;Agence Immobilière LAFORET Montauban 15 Allée. de l'Empereur 82000 Montauban;44.0170633,1.3565251;82000;MONTAUBAN;;05 63 91 76 26;;;http://www.laforet.com/agence-immobiliere/montauban;https://www.pagesjaunes.fr/media/newdam/preset-viewer-xl/cf/ad/2d/00/00/35/00/ac/4f/30/66b0cfad2d00003500ac4f30/66b0cfad2d0000bb53ac4f31.png
ENT-0007;DLimmobilier Dompeyre ;Agence Immobilière ;15 Rue du marché  82200 Moissac;DLimmobilier Dompeyre  15 Rue du marché  82200 Moissac;44.1029845,1.0867956;82200;MOISSAC;David Lestrade;05 63 04 01 75;;gestion[a]dompeyre-lestrade.com;https://dl-immo.fr/;https://encrypted-tbn0.gstatic.com/images?q=tbn:ANd9GcT8UzC48cEDPRDAt6qwjbmuCeoHz-4XJcCbUEtS09LqAfQDhJeZ37X2pPeM&s=10
ENT-0008;ORPI Teddy Immobilier Montauban;Agence Immobilière ;17 Avenue Gambetta 82000 Montauban;ORPI Teddy Immobilier Montauban 17 Avenue Gambetta 82000 Montauban;44.0166867,1.3581855;82000;MONTAUBAN;;05 63 63 35 36;;;https://www.orpi.com/teddyimmobilier/;https://www.pagesjaunes.fr/media/agc/crop/200x200/09/6b/df/00/00/64/ef/4d/16/c8/61ae096bdf000064ef4d16c8/61ae096bdf000064ef4d16c9.png?v=2
ENT-0009;Human Immobilier Montauban Villenouvelle;Agence Immobilière ;2 Avenue du 11E d'Infanterie 82000 Montauban;Human Immobilier Montauban Villenouvelle 2 Avenue du 11E d'Infanterie 82000 Montauban;44.0223733,1.3553942;82000;MONTAUBAN;;05 63 03 87 00;;;https://www.human-immobilier.fr/montauban-villenouvelle?utm_source=google&utm_medium=seo&utm_campaign=google_my_business_achat;https://www.pagesjaunes.fr/media/agc/crop/100x100/07/8c/b2/00/00/96/37/97/c1/9d/62b3078cb20000963797c19d/62b3078cb20000963797c19e.png?v=2
ENT-0010;Castel Immo ;Agence Immobilière ;2 bis Rue Edouard Herriot 82100 Castelsarrasin;Castel Immo  2 bis Rue Edouard Herriot 82100 Castelsarrasin;44.0398906,1.1080931;82100;CASTELSARRASIN;GAINZA dominique;05 63 32 73 21;;castelimmobilier.vente@orange.fr;https://www.castelimmobilier.com/;https://castelsarrasin-immobilier.fr/wp-content/uploads/2021/10/header-logo.png
ENT-0011;Selection Habitat ;Agence Immobilière ;20 Allée de l'empereur 82200 Montauban;Selection Habitat  20 Allée de l'empereur 82200 Montauban;44.0176467,1.3572098;82000;MONTAUBAN;;05 63 22 94 25;;;https://www.selectionhabitat.com/;https://encrypted-tbn0.gstatic.com/images?q=tbn:ANd9GcQVFq0yk_3MQyph5SRFRt8W6VvGTMzdh9CM90AW7BitTQ&s=10
ENT-0012;IMMO POUR TOUS;Agence Immobilière ;26 Rue du général Gras 82200 Moissac;IMMO POUR TOUS 26 Rue du général Gras 82200 Moissac;44.1046136,1.0892457;82200;MOISSAC;;05 63 04  11 82;;contact@immo-pour-tous.net;https://www.immo-pour-tous.net/;https://lh5.googleusercontent.com/p/AF1QipMAQL3okLrQ7JcaSpkEWqJRk9Vz8cCqEkb9CIKq=w500-h500-k-no
ENT-0013;Orpi Moissac ;Agence Immobilière ;3 Boulevard  Camille Delthil 82200 Moissac;Orpi Moissac  3 Boulevard  Camille Delthil 82200 Moissac;44.1026707,1.0866251;82200;MOISSAC;ROUX francine;05 63 05 10 10;06 29 43 17 82;moissacimmobilier@orpi.com;http://www.orpi.com/moissacimmobilier;https://www.pagesjaunes.fr/media/agc/8d/14/2e/00/00/22/be/90/fe/9a/65c38d142e000022be90fe9a/65c38d142e000022be90fe9b.png
ENT-0014;Agence immobilière Guy Hoquet MONTAUBAN;Agence Immobilière ;40 Avenue Gambetta 82000 Montauban;Agence immobilière Guy Hoquet MONTAUBAN 40 Avenue Gambetta 82000 Montauban;44.018068,1.3593198;82000;MONTAUBAN;;05 63 03 88 10;;;https://montauban.guy-hoquet.com/;https://files.appli-intramuros.com/img/actor_cover/6240/c56cf95cc36eeceb78b62762dc740b2d_guy-hoquet.png
ENT-0015;Agence Chabrol Immobilier Montauban;Agence Immobilière ;416 Avenue Jean Moulin 82000 Montauban;Agence Chabrol Immobilier Montauban 416 Avenue Jean Moulin 82000 Montauban;44.0265462,1.367177;82000;MONTAUBAN;;05 63 63 66 05;;;https://www.maisonsetappartements.fr/fr/tarn-et-garonne-82/chabrol-immobilier-montauban-6509/agence-immobiliere.html;https://medias.maisonsetappartements.fr/pict/Agences/Logos/8924.jpg?t=1605881244
ENT-0016;Escalimmo sarl nh'immo;Agence Immobilière ;5 Avenue du Chasselas  82200 Moissac;Escalimmo sarl nh'immo 5 Avenue du Chasselas  82200 Moissac;44.1073647,1.0966218;82200;MOISSAC;Alexandre Lafon ;05 63 32 44 93;;;https://www.meilleursagents.com/agence-immobiliere/agence-sarl-nh-immo-37018/;https://www.societe.com/og-image/500691035.jpg
ENT-0017;Agence Nestenn Immobilier Montauban Gambetta;Agence Immobilière ;52 Avenue Gambetta 82000 Montauban;Agence Nestenn Immobilier Montauban Gambetta 52 Avenue Gambetta 82000 Montauban;44.0188354,1.3596925;82000;MONTAUBAN;;05 63 20 76 60;;;https://immobilier-montauban-gambetta.nestenn.com/;https://thumbor.meilleursagents.com/aOwVEggk47j0IzACnywN_XU4Ifc=/fit-in/180x120/filters:fill(white)/realtors/f0/19/f019ffb2123876a7889f3677b5cfee9ec3e78e3f.43375.png
ENT-0018;Human immobilier Castelsarrasin;Agence Immobilière ;64 Rue de l'égalité 82100 CASTELSARRASIN;Human immobilier Castelsarrasin 64 Rue de l'égalité 82100 CASTELSARRASIN;44.0395328,1.1078569;82100;CASTELSARRASIN;Desbouges;05 63 05 08 20;06 76 80 46 19;castelsarrasin@bourse-immobilier.fr;https://www.human-immobilier.fr/castelsarrasin?utm_source=google&utm_medium=seo&utm_campaign=google_my_business_achat;https://encrypted-tbn0.gstatic.com/images?q=tbn:ANd9GcQMeZ7FN-TBUgk4DMOGlz1b7wYN7GD7_DSA2DD2aa9bkA&s
ENT-0019;Human immobilier Moissac;Agence Immobilière ;7 Rue de la république  82200 Moissac;Human immobilier Moissac 7 Rue de la république  82200 Moissac;44.1043952,1.0848656;82200;MOISSAC;Chretien Fréderic ; 05 63 39 70 27;;;https://www.human-immobilier.fr/moissac;https://encrypted-tbn0.gstatic.com/images?q=tbn:ANd9GcQMeZ7FN-TBUgk4DMOGlz1b7wYN7GD7_DSA2DD2aa9bkA&s
ENT-0020;Agence immobilère Lafôret Moissac;Agence Immobilière ;9 Place des Récollets 82200 Moissac;Agence immobilère Lafôret Moissac 9 Place des Récollets 82200 Moissac;44.10328,1.0850153;82200;MOISSAC;Mathieu Richard;05 63 05 05 50;;;http://www.laforet.com;https://encrypted-tbn0.gstatic.com/images?q=tbn:ANd9GcRiMgdNoPpzMl2pAumZ6cOxWi3iBm0e82OLSLhzX2fi9g&s
ENT-0021;ORPI Atout Immobilier Montauban;Agence Immobilière ;970 Boulevard Blaise Doumerc 82000 Montauban;ORPI Atout Immobilier Montauban 970 Boulevard Blaise Doumerc 82000 Montauban;44.020726,1.3625417;82000;MONTAUBAN;;05 63 21 00 26;;atoutimmobilier@orpi.com;https://www.orpi.com/atoutimmobilier/;https://drive.google.com/file/d/1h59Euf5szcW5E0PIhMASPcxwi-Xpy3kF/view?usp=share_link
ENT-0022;Ford Castelsarrasin- ASCM MOISSAC AUTO;Concession automobile;141 Chemin de la Chaumière ZI ARTEL EST 82100 Castelsarrasin;Ford Castelsarrasin- ASCM MOISSAC AUTO 141 Chemin de la Chaumière ZI ARTEL EST 82100 Castelsarrasin;44.0584292,1.0997366;82100;CASTELSARRASIN;;05 63 95 07 57;;;https://www.groupemacard.fr/concessions/ford-ascm-castelsarrasin/;https://cdnwp.dealerk.com/4e2ba540/uploads/sites/6/2024/08/sans-titre-6-0x75.jpg
ENT-0023;Toyota - Edenauto - Montauban;Concession automobile;150 Imp. de Monaco 82000 Montauban;Toyota - Edenauto - Montauban 150 Imp. de Monaco 82000 Montauban;43.99053989999999,1.3339306;82000;MONTAUBAN;;05 63 03 12 12;;;https://www.toyota.fr/;https://www.color-stickers.com/2075-thickbox_default/stickers-logo-toyota-4x4.jpg
ENT-0024;VDL Service 82;Concession automobile;16 zi de l'artel lieux dit barrouet 82100 Castelsarrasin;VDL Service 82 16 zi de l'artel lieux dit barrouet 82100 Castelsarrasin;44.0652958,1.0993903;82100;CASTELSARRASIN;;05 63 32 52 09;;contact@vdls82.fr;https://camping-car-caravane-82.fr/;https://camping-car-caravane-82.fr/wp-content/uploads/2026/07/logo-camping-car-caravane-scaled.png
ENT-0025;MIDI-AUTO - Agence Renault;Concession automobile;1630 Route de Bordeaux 82000 Montauban;MIDI-AUTO - Agence Renault 1630 Route de Bordeaux 82000 Montauban;44.030653,1.3179749;82000;MONTAUBAN;;05 63 63 51 03;;;https://www.renault.fr/;https://upload.wikimedia.org/wikipedia/commons/b/b7/Renault_2021_Text.svg?utm_source=fr.wikipedia.org&utm_campaign=index&utm_content=original
ENT-0026;FORD MONTAUBAN - AUTOS SETAM 82;Concession automobile;1724 Av. d'Espagne 82000 Montauban;FORD MONTAUBAN - AUTOS SETAM 82 1724 Av. d'Espagne 82000 Montauban;43.9915021,1.3365755;82000;MONTAUBAN;;05 63 23 03 03;;;https://www.ford-montauban.fr/;https://cdnwp.dealerk.com/299b467c/uploads/sites/2/2025/12/ford-logo_global_nav_DSe.svg
ENT-0027;PEUGEOT MONTAUBAN - MACARD;Concession automobile;1825 Route du N 82000 Montauban;PEUGEOT MONTAUBAN - MACARD 1825 Route du N 82000 Montauban;44.0483838,1.3936421;82000;MONTAUBAN;;05 63 04 58 99;;;https://www.peugeot.fr/;https://encrypted-tbn0.gstatic.com/images?q=tbn:ANd9GcQ1f0uizSEwKJ_K4kJS-8ZdqnPb1yCM8it8Gd8Jl6N-vg&s=10
ENT-0028;RENAULT  - DACIA  (Faurie automobile);Concession automobile;2 Route de Toulouse 82100 Castelsarrasin;RENAULT  - DACIA  (Faurie automobile) 2 Route de Toulouse 82100 Castelsarrasin;44.0356944,1.1145432;82100;CASTELSARRASIN;;05 63 32 71 00;;e.eliseon@faurie.fr;https://www.renault.fr/;https://api.club.ffr.fr/cabrive-association/wp-content/uploads/sites/37/2020/03/Faurie.png
ENT-0029;AIXAM DE RAED & Fils;Concession automobile;22 Bd Marceau Fauré 82100 Castelsarrasin;AIXAM DE RAED & Fils 22 Bd Marceau Fauré 82100 Castelsarrasin;44.035855,1.1094862;82100;CASTELSARRASIN;;05 63 95 08 90;;;https://www.voiture-sans-permis82.fr/;https://www.voiture-sans-permis82.fr/wp-content/themes/aixamv4/assets/img/logo.png
ENT-0030;ISUZU GUY DE RAED (CUO DE RAED et Fils);Concession automobile;22 Boulevard Marceau Faure 82100 Castelsarrasin;ISUZU GUY DE RAED (CUO DE RAED et Fils) 22 Boulevard Marceau Faure 82100 Castelsarrasin;44.035855,1.1094862;82100;CASTELSARRASIN;M. DE RAED Benjamin;05 63 95 08 90;07 88 37 21 17;benjamin.deraed@monpickup-deraed.fr;https://www.isuzu.fr/trouvez-votre-distributeur;https://logos-marques.com/wp-content/uploads/2021/02/Isuzu-Logo.jpg
ENT-0031;PEUGEOT MACARD CASTEL-MOISSAC;Concession automobile;22 Chem. de Caussade-Bas 82100 Castelsarrasin;PEUGEOT MACARD CASTEL-MOISSAC 22 Chem. de Caussade-Bas 82100 Castelsarrasin;44.0752898,1.0935701;82100;CASTELSARRASIN;;05 63 95 16 16;;;https://www.peugeot.fr/;https://encrypted-tbn0.gstatic.com/images?q=tbn:ANd9GcQCM3VWICFGUz85ezYLKCKMqsPsZpY7hRW-142yPhen4w&s=10
ENT-0032;Hyundai Montauban - Pierre Guirado Automobiles;Concession automobile;300 Route du N 82005 Montauban;Hyundai Montauban - Pierre Guirado Automobiles 300 Route du N 82005 Montauban;44.0375448,1.3816704;82000;MONTAUBAN;;05 63 03 42 06;;;https://www.hyundai.com/fr/fr/distributeurs.html/;https://www.1min30.com/wp-content/uploads/2019/02/Hyundai-Logo-1.jpg
ENT-0033;Agence Renault - Relais du Chasselas;Concession automobile;43 Av. du Chasselas 82200 Moissac;Agence Renault - Relais du Chasselas 43 Av. du Chasselas 82200 Moissac;44.1099433,1.102576;82200;MOISSAC;;05 63 04 07 89;;;https://www.renault.fr/;https://encrypted-tbn0.gstatic.com/images?q=tbn:ANd9GcTFMw5HAdtpZLyXenGri91VxU41_Pn4B_NAqk3dyenZGw&s=10
ENT-0034;Garage Citroën;Concession automobile;46 Av. du Maréchal Leclerc 82100 Castelsarrasin;Garage Citroën 46 Av. du Maréchal Leclerc 82100 Castelsarrasin;44.047958,1.1030939;82100;CASTELSARRASIN;M.VACQUIE Philippe;05 63 32 34 18;;;https://reseau.citroen.fr/reparateur-castelsarrasin-01/?location=CASTELSARRASIN%7C0&utm_source=gmb;https://images.caradisiac.com/images/0/5/6/7/110567/S0-un-nouveau-logo-pour-citroen-388873.jpg
ENT-0035;PEUGEOT RAPIDE MOISSAC - MACARD;Concession automobile;Rue Benjamin Franklin 82200 Moissac;PEUGEOT RAPIDE MOISSAC - MACARD Rue Benjamin Franklin 82200 Moissac;44.115326,1.111787;82200;MOISSAC;;05 63 04 17 81;;;https://www.peugeot.fr/;https://encrypted-tbn0.gstatic.com/images?q=tbn:ANd9GcQ1f0uizSEwKJ_K4kJS-8ZdqnPb1yCM8it8Gd8Jl6N-vg&s=10
ENT-0036;Volkswagen Montauban- Autopole Maurel;Concession automobile;Z.A Albasud Imp. de Monaco 82000 Montauban;Volkswagen Montauban- Autopole Maurel Z.A Albasud Imp. de Monaco 82000 Montauban;43.989721,1.332692;82000;MONTAUBAN;;05 63 23 02 05;;;https://volkswagen-montauban.maurelauto.fr/;https://drive.google.com/file/d/1bEeT4uTnNLD1TtMkyRrSTpPoJOiRsBYs/view?usp=sharing
ENT-0037;NISSAN MONTAUBAN - GROUPE PEYROT;Concession automobile;ZAC Alba Sud - Avenue de l'Europe Avenue de l'Europe 82000 Montauban;NISSAN MONTAUBAN - GROUPE PEYROT ZAC Alba Sud - Avenue de l'Europe Avenue de l'Europe 82000 Montauban;43.986894,1.3305936;82000;MONTAUBAN;;05 63 02 28 00;;;https://www.nissan.fr/;https://encrypted-tbn0.gstatic.com/images?q=tbn:ANd9GcTTSJ7HfClDNfUa_yJM3F_zczoFHzu2-xX4ejqat_l_jA&s=10
ENT-0038;MERCEDES HAMECHER MONTAUBAN;Concession automobile;ZI Albasud, 40 Imp. de Maastricht, 82000 Montauban;MERCEDES HAMECHER MONTAUBAN ZI Albasud, 40 Imp. de Maastricht, 82000 Montauban;43.9774676,1.3347214;82000;MONTAUBAN;;05 63 23 07 70;;;https://hamecher.fr/;https://lh3.googleusercontent.com/p/AF1QipPD-yfIab68gkW3Bmtep0Swj_erJZujQa0bpPS2=s680-w680-h510
ENT-0040;Sarl Garage St Michel - Citroën;Concession automobile;zi saint michel 30 Rue des Cerises 82200 Moissac;Sarl Garage St Michel - Citroën zi saint michel 30 Rue des Cerises 82200 Moissac;44.11125,1.10601;82200;MOISSAC;;05 63 04 58 99;;;https://www.citroen.fr;https://images.caradisiac.com/images/0/5/6/7/110567/S0-un-nouveau-logo-pour-citroen-388873.jpg
ENT-0041;Renault Faurie Truck;Concession automobile;Zone Artisanale Marches 82100 Castelsarrasin;Renault Faurie Truck Zone Artisanale Marches 82100 Castelsarrasin;44.055445,1.092817;82100;CASTELSARRASIN;;05 63 05 09 73;;jf.ruhant@faurie.fr;https://www.faurie-trucks.fr/renault-trucks-castelsarrasin/;https://www.mecajob.fr/wp-content/uploads/2/2020/02/57a1ae84c47d2-1519222453.jpg
ENT-0042;Nocibé - MONTAUBAN;Cosmétique - Parfumerie; 17 Rue Jules Michelet 82000 Montauban;Nocibé - MONTAUBAN  17 Rue Jules Michelet 82000 Montauban;44.0169198,1.355778;82000;MONTAUBAN;; 05 63 91 99 96;;;www.nocibe.fr;https://drive.google.com/file/d/1XwnJAIkEpqCm_paInxESCF6YRRlK1TaB/view?usp=share_link
ENT-0043;Nocibé ;Cosmétique - Parfumerie;1400 Route de Moissac 82100 Castelsarrasin;Nocibé  1400 Route de Moissac 82100 Castelsarrasin;44.0642746,1.0974081;82100;CASTELSARRASIN;;"05 63 04 52 74
";;;http://nocibe.fr/;https://upload.wikimedia.org/wikipedia/commons/0/03/Logo_Nocibe.svg?utm_source=fr.wikipedia.org&utm_campaign=index&utm_content=original
ENT-0044;Marionnaud-Parfumerie;Cosmétique - Parfumerie;6 Rue Jules Michelet 82000 Montauban;Marionnaud-Parfumerie 6 Rue Jules Michelet 82000 Montauban;44.0170058,1.3547984;82000;MONTAUBAN;;05 63 63 02 14;;;www.marionnaud.fr;https://media.marionnaud.fr/medias/sys_master/images/he5/h5e/12493277298718/Marionnaud-logo/Marionnaud-logo.png
ENT-0045;Parfumerie Furlan;Cosmétique - Parfumerie;7 Allée du 4 Septembre 82400 Valence d'Agen;Parfumerie Furlan 7 Allée du 4 Septembre 82400 Valence d'Agen;44.1079346,0.8907997000000001;82400;VALENCE D'AGEN;;05 63 29 03 06;;;http://www.parfumerie-valence-agen.fr/;http://www.parfumerie-valence-agen.fr/img/logoOK.jpg
ENT-0046;Beauty Success;Cosmétique - Parfumerie;centre commercial Leclerc Aussonne, 82000 Montauban;Beauty Success centre commercial Leclerc Aussonne, 82000 Montauban;44.0383817,1.380087;82000;MONTAUBAN;;05 63 91 85 50;;;https://www.beautysuccess.fr/nos-points-de-vente/montauban/024;https://www.beautysuccess.fr/static/version1788847165/frontend/BeautySuccess/Default/fr_FR/images/logo_noflag.svg
ENT-0047;Yves Rocher ;Cosmétique - Parfumerie;9 Rue de la République82200 Moissac;Yves Rocher  9 Rue de la République82200 Moissac;44.1043206,1.084903;82200;MOISSAC;;05 63 93 73 85 ;;;yves-rocher.fr ;https://www.centre-commercial.fr/carrefour-salaise/wp-content/uploads/sites/18/2014/09/200.png
ENT-0048;Nocibé - MONTAUBAN SAPIAC;Cosmétique - Parfumerie;Galerie marchande Leclerc Sapiac l'Abbaye, Rue de l'Abbaye, 82000 Montauban, France;Nocibé - MONTAUBAN SAPIAC Galerie marchande Leclerc Sapiac l'Abbaye, Rue de l'Abbaye, 82000 Montauban, France;44.0052108,1.3546968;82000;MONTAUBAN;;05 63 63 52 78;;;www.nocibe.fr;https://upload.wikimedia.org/wikipedia/commons/0/03/Logo_Nocibe.svg?utm_source=fr.wikipedia.org&utm_campaign=index&utm_content=original
ENT-0049;Nocibé - MOISSAC;Cosmétique - Parfumerie;Route de Lafrançaise 82200 Moissac;Nocibé - MOISSAC Route de Lafrançaise 82200 Moissac;44.00545169999999,1.354873;82200;MOISSAC;;05 63 32 38 09;;;http://www.nocibe.fr/;https://drive.google.com/file/d/1XwnJAIkEpqCm_paInxESCF6YRRlK1TaB/view?usp=share_link
ENT-0050;Roady;Entretien automobile;200 Route du Nord 82000 Montauban;Roady 200 Route du Nord 82000 Montauban;44.03702699999999,1.3814442;82000;MONTAUBAN;;05 35 54 19 68;;;https://www.roady-montauban.fr/;https://www.roady-montauban.fr/docs/abonnements/13/roady-montauban-centre-auto-min.jpg
ENT-0051;Feu vert Castelsarrasin;Entretien automobile;28 rue de terre blanche 82100 Castelsarrasin;Feu vert Castelsarrasin 28 rue de terre blanche 82100 Castelsarrasin;44.0618827,1.0973941;82100;CASTELSARRASIN;;05 63 04 49 55;;;https://www.feuvert.fr/centres-auto/castelsarrasin/feu-vert-castelsarrasin/457.html;https://tse4.mm.bing.net/th?id=OIP.gKWJOuh3R9M9mJ0a1q_w3gHaHa&pid=Api&P=0
ENT-0052;ALLIANCE AUTO INDUSTRIE;Entretien automobile;201 Av. Jacques Douzans, 31600 Muret, France;ALLIANCE AUTO INDUSTRIE 201 Av. Jacques Douzans, 31600 Muret, France;43.4738455,1.3302779;31600;MURET;;05 61 51 12 28 ;;jrenard@accipro.fr;https://distributeur.groupauto.fr/593-alliance-auto-industrie-muret;https://www.pagesjaunes.fr/media/agc/crop/100x100/74/ac/3b/00/00/f9/ab/68/a3/bd/5be074ac3b0000f9ab68a3bd/00102108_V1_0000.jpg?v=2
ENT-0053;Norauto Montauban;Entretien automobile;510 Route du Nord 82000 Montauban;Norauto Montauban 510 Route du Nord 82000 Montauban;44.0385748,1.3825752;82000;MONTAUBAN;;05 63 21 20 30;;;https://centres.norauto.fr/tarn-et-garonne/montauban/za-futuropole?utm_source=google&utm_medium=organic&utm_campaign=mybusiness_local;https://mma.prnewswire.com/media/1777154/Norauto_Logo.jpg?p=facebook
ENT-0054;Speedy;Entretien automobile;69 avenue Gambetta 82000 Montauban;Speedy 69 avenue Gambetta 82000 Montauban;44.0215293,1.3606575;82000;MONTAUBAN;;05 63 20 12 01 ;;;https://centres-auto.speedy.fr/garage/montauban-82000/891?y_source=1_MTIwNDI3NTItNjM4LWxvY2F0aW9uLnd;https://storage.googleapis.com/wizville-public-eu/uploads/theme/logo/13945/4bd760b5fdb2bc7ece93d84cf1f5fbc7915013400c60124f8063f6eb934dce5a28693cdc4bfa26d7_logo%2Bspeedy%2B(1).png
ENT-0055;Midas;Entretien automobile;Route de Moissac 82100 Castelsarrasin;Midas Route de Moissac 82100 Castelsarrasin;44.0613185,1.0979271;82100;CASTELSARRASIN;Christophe Théau;05 63 95 04 40;;@midasfrance.zendesk.com;"
https://www.midas.fr/centres-auto-midas/occitanie/tarn-et-garonne/castelsarrasin/castelsarrasin_1514 ";https://media.cylex-locale.fr/companies/1040/7260/logo/logo.jpg
ENT-0056;Le pneu moussac - eurotype;Entretien automobile;Route de Saint-Aignan 14 82100 Castelsarrasin;Le pneu moussac - eurotype Route de Saint-Aignan 14 82100 Castelsarrasin;44.0350325,1.1041864;82100;CASTELSARRASIN;;05 63 32 62 82;;;"
https://www.pagesjaunes.fr › pros";https://tallereseurotyre.es/wp-content/uploads/2017/03/logo-eurotyre.jpg
ENT-0057;Vival;Grande surface alimentaire (supermarché); 2 Place Gambetta 82500 Beaumont-de-Lomagne;Vival  2 Place Gambetta 82500 Beaumont-de-Lomagne;43.8826221,0.9892183;82500;BEAUMONT DE LOMAGNE;;05 63 68 73 13 ;;;https://magasins.vival.fr/fr/s/vival-beaumont-de-lomagne;https://www.paysbasqueaucoeur.com/typo3temp/pics/V_ee4651af7a.jpg
ENT-0058;Lidl ;Grande surface alimentaire (supermarché);1 Impasse de l'hipodrome 82100 Castelsarrasin ;Lidl  1 Impasse de l'hipodrome 82100 Castelsarrasin ;44.0585077,1.098157;82100;CASTELSARRASIN;Mme. Laetitia De Montglofier ;0 800 90 03 43 ;;;https://www.lidl.fr/;https://castelsarrasin.commerces.top/wp-content/uploads/2017/10/IMG_9140-1024x768.jpg
ENT-0059;UTILE (Sarl Girovi);Grande surface alimentaire (supermarché);11 Rue Paul Descazeaux 82100 Castelsarrasin ;UTILE (Sarl Girovi) 11 Rue Paul Descazeaux 82100 Castelsarrasin ;44.0395997,1.1063908;82100;CASTELSARRASIN;Mme. Fabienne Giorza;05 63 32 34 67 ;06 78 01 83 02;;https://www.telephone.city/superette/utile-castelsarrasin-756504.html;https://www.pagesjaunes.fr/media/agc/81/c8/2d/00/00/80/62/0f/97/82/676581c82d000080620f9782/676581c82d000080620f9783.png
ENT-0060;Netto ;Grande surface alimentaire (supermarché);1139 Rue de l'Abbaye 82000 Montauban ;Netto  1139 Rue de l'Abbaye 82000 Montauban ;44.0049321,1.3566823;82000;MONTAUBAN;;05 63 91 40 57 ;;;https://magasin.netto.fr/277-netto-montauban;https://encrypted-tbn0.gstatic.com/images?q=tbn:ANd9GcR57dw3m9qBRoHXvABWy4y-JDx_ZG940E1H_RCuxduTbkKqGWCYjYPdrsw&s=10
ENT-0061;Super U Montauban;Grande surface alimentaire (supermarché);1155 Av. de l'Europe 82000 Montauban;Super U Montauban 1155 Av. de l'Europe 82000 Montauban;43.99000059999999,1.3323113;82000;MONTAUBAN;;05 64 13 76 76;;;https://www.coursesu.com/drive-superu-montauban;https://fr.wikipedia.org/wiki/Fichier:Super_U_logo.png
ENT-0062;Monop ;Grande surface alimentaire (supermarché);12 Rue de la République 82000 Montauban ;Monop  12 Rue de la République 82000 Montauban ;44.0161957,1.3556838;82000;MONTAUBAN;;05 63 23 20 23;;;https://www.monoprix.fr/monop-montauban-montauban-82000-s;https://mycowork.fr/evenement-privatisation-mycowork-beaubourg/logo-monoprix/
ENT-0063;Carrefour City ;Grande surface alimentaire (supermarché);14 Rue Léon Cladel 82000 Montauban ;Carrefour City  14 Rue Léon Cladel 82000 Montauban ;44.0225271,1.3596213;82000;MONTAUBAN;;05 63 20 28 42 ;;;https://www.carrefour.fr/magasin/city-montauban-cladel;https://d1ralsognjng37.cloudfront.net/74b7d5ed-eada-44ec-893d-15bf21b2010c.jpeg
ENT-0064;Centre E.Leclerc ;Grande surface alimentaire (supermarché);1400 Route de Moissac 82100 Castelsarrasin ;Centre E.Leclerc  1400 Route de Moissac 82100 Castelsarrasin ;44.0642746,1.0974081;82100;CASTELSARRASIN;Mme. Béatrice Albinet ;05 63 32 78 00 ;05 63 32 78 00;balbinet@leclerc-sodiart.com;https://www.e.leclerc/mag/e-leclerc-castelsarrasin;https://s7e5a.scene7.com/is/image/gtinternet/1658306730407?scl=1&op_sharpen=1&resmode=bilin&fmt=pjpeg&qlt=85&wid=1900&fit=fit,1&hei=583
ENT-0065;Géant Casino ;Grande surface alimentaire (supermarché);2 Boulevard du Quercy 82200 Moissac ;Géant Casino  2 Boulevard du Quercy 82200 Moissac ;44.105404,1.0920162;82200;MOISSAC;;05 63 04 89 00 ;;;https://magasins.supercasino.fr/supermarche/moissac/CS590;https://fr.wikipedia.org/wiki/Fichier:Logo-Geant-Casino-2015.png
ENT-0066;Centre Leclerc ;Grande surface alimentaire (supermarché);230 Rue de l' Abbaye 82000 Montauban ;Centre Leclerc  230 Rue de l' Abbaye 82000 Montauban ;44.0124204,1.3532814;82000;MONTAUBAN;;05 63 63 62 66;;;https://www.e.leclerc/mag/e-leclerc-sapiac;https://th.bing.com/th/id/OIP.Y5Wv4b_T0SuPjUh0IQkhQwHaHa?pid=ImgDet&w=1701&h=1701&rs=1
ENT-0067;Intermarché EXPRESS Moissac ;Grande surface alimentaire (supermarché);24 Rue de la République 82200 Moissac ;Intermarché EXPRESS Moissac  24 Rue de la République 82200 Moissac ;44.10396069999999,1.0846878;82200;MOISSAC;;05 63 04 00 55 ;;;https://www.intermarche.com/magasins/06823/moissac-82200/infos-pratiques?srsltid=AfmBOorch_D4JVlglEq9Q_LMBRjmN8KSpNY--nWkdfcd6W05KhHjxZ7k;https://www.marathon-bressedombes.fr/wp-content/uploads/2014/11/logo-intermarch%C3%A9-300x300.png
ENT-0068;Carrefour City ;Grande surface alimentaire (supermarché);3 place lalaque 82000 Montauban ;Carrefour City  3 place lalaque 82000 Montauban ;44.0162994,1.3453049;82000;MONTAUBAN;;05 63 91 85 60;;;https://www.carrefour.fr/magasin/city-montauban-lalaque;https://static-cms.carrefour.fr/sites/default/files/2024-06/city_0.png?itok=SC5Z72U4
ENT-0069;Lidl ;Grande surface alimentaire (supermarché);330 Avenue de Paris 82000 Montauban;Lidl  330 Avenue de Paris 82000 Montauban;44.0319718,1.3751864;82000;MONTAUBAN;;0 800 90 03 43 ;;;https://www.lidl.fr/s/fr-FR/supermarches/montauban/avenue-de-paris-330/?srsltid=AfmBOoqewTKKOJ-9RU_KI85pvfmOsSsuY5Ucxti5JnrGV8P1fujtr_QA;https://upload.wikimedia.org/wikipedia/commons/1/1d/Lidl_logo.png?utm_source=fr.wikipedia.org&utm_campaign=index&utm_content=original
ENT-0070;À travers champs;Grande surface alimentaire (supermarché);365 Avenue de la Gimone 82500 Beaumont-de-Lomagne;À travers champs 365 Avenue de la Gimone 82500 Beaumont-de-Lomagne;43.8783182,0.9876591;82500;BEAUMONT DE LOMAGNE;; 06 10 09 08 19 ;;;https://atraverschamps82.fr/;https://encrypted-tbn0.gstatic.com/images?q=tbn:ANd9GcRRttmT7NKbh1jFdtUDT5V44z4MWLr1qj7xbd4a7-6mmw&s
ENT-0071;E.Leclerc Montauban ;Grande surface alimentaire (supermarché);445 Route du Nord 82000 Montauban ;E.Leclerc Montauban  445 Route du Nord 82000 Montauban ;44.0388289,1.3815385;82000;MONTAUBAN;;05 63 66 03 00 ;;;https://www.e.leclerc/mag/e-leclerc-aussonne;https://th.bing.com/th/id/OIP.Y5Wv4b_T0SuPjUh0IQkhQwHaHa?pid=ImgDet&w=1701&h=1701&rs=1
ENT-0072;SPAR ;Grande surface alimentaire (supermarché);52 Avenue Charles de Gaulle 82000 Montauban ;SPAR  52 Avenue Charles de Gaulle 82000 Montauban ;44.0093889,1.3682323;82000;MONTAUBAN;;05 63 03 12 87 ;;;https://www.spar.fr/;https://www.pagesjaunes.fr/media/agc/18/a2/b2/00/00/96/37/98/cd/ba/62bc18a2b20000963798cdba/62bc18a2b20000963798cdbb.png
ENT-0073;Lidl ;Grande surface alimentaire (supermarché);52 avenue du Chasselas 82200 Moissac ;Lidl  52 avenue du Chasselas 82200 Moissac ;44.1089136,1.1025292;82200;MOISSAC;;0 800 90 03 43 ;;;https://www.lidl.fr/;https://dirigeants-entreprise.com/content/uploads/Lidl-Logo.svg_-1000x1000.png
ENT-0074;Auchan ;Grande surface alimentaire (supermarché);785 avenue Jean Moulin 82000 Montauban ;Auchan  785 avenue Jean Moulin 82000 Montauban ;44.0294737,1.3698142;82000;MONTAUBAN;;05 63 92 01 90;;;https://www.auchan.fr/magasins/hypermarche/montauban/s-83;https://api.sniptech.com/static/public/sniptech-prd-542152-cdn-bucket/6ea0f768-e870-4a15-94c1-79256efb2a10_giftcard_image.webp
ENT-0075;Carrefour City ;Grande surface alimentaire (supermarché);8 Rue Jean Monnet 82000 Montauban ;Carrefour City  8 Rue Jean Monnet 82000 Montauban ;44.01935659999999,1.3559806;82000;MONTAUBAN;;05 63 20 89 66;;;https://www.carrefour.fr/magasin/city-montauban-monnet;https://d1ralsognjng37.cloudfront.net/74b7d5ed-eada-44ec-893d-15bf21b2010c.jpeg
ENT-0076;Intermarché HYPER Moissac et Drive ;Grande surface alimentaire (supermarché);805 route de La Mégère 82200 Moissac ;Intermarché HYPER Moissac et Drive  805 route de La Mégère 82200 Moissac ;44.1194953,1.1204063;82200;MOISSAC;;06 63 29 92 92;;;https://www.intermarche.com/magasin;https://yt3.googleusercontent.com/ytc/AIdro_loB1n7AGkj6anQmBu1AjB3vpBz-JKmw0tP48BPqywo_A=s900-c-k-c0x00ffffff-no-rj
ENT-0077;Leader Price Montauban;Grande surface alimentaire (supermarché);993 Rue de l'Abbaye 82000 Montauban ;Leader Price Montauban 993 Rue de l'Abbaye 82000 Montauban ;44.0060247,1.3564895;82000;MONTAUBAN;;05 63 66 90 92 ;;;https://leclubleaderprice.fr/;https://fr.wikipedia.org/wiki/Leader_Price
ENT-0078;Leader Price Castelsarrasin;Grande surface alimentaire (supermarché);Artel Est 82100 Castelsarrasin ;Leader Price Castelsarrasin Artel Est 82100 Castelsarrasin ;44.0652958,1.0993903;82100;CASTELSARRASIN;;05 63 32 29 30;;;https://www.leaderprice.fr/nos-magasins?id=5963;https://www.lesbonsfaiseurs.com/uploads/Les_Bons_Faiseurs_Leader_Price_833x550.jpg
ENT-0079;Carrefour Contact ;Grande surface alimentaire (supermarché);Chemin de Castelmayran 82210 Saint-Nicolas de la grave ;Carrefour Contact  Chemin de Castelmayran 82210 Saint-Nicolas de la grave ;44.0486703,1.0216677;82210;SAINT NICOLAS DE LA GRAVE;;05 63 95 92 23;;;https://www.carrefour.fr/;https://www.bayonneshopping.com/wp-content/uploads/2019/04/carrefour-contact-logo.jpg
ENT-0080;Jour 2 Marché J2M;Grande surface alimentaire (supermarché);Futuropole 161 Chem. de Baillot 82000 Montauban;Jour 2 Marché J2M Futuropole 161 Chem. de Baillot 82000 Montauban;44.035122,1.3842495;82000;MONTAUBAN;;05 63 67 98 93;;;https://www.j2m.fr/;https://tse2.mm.bing.net/th/id/OIP.H5FHUa0pZ8DOHXkh-_xOfQAAAA?r=0&rs=1&pid=ImgDetMain&o=7&rm=3
ENT-0081;Intermarché SUPER ;Grande surface alimentaire (supermarché);Rue le Blanc 82500 Beaumont-de-Lomagne;Intermarché SUPER  Rue le Blanc 82500 Beaumont-de-Lomagne;43.8792741,0.9842154;82500;BEAUMONT DE LOMAGNE;;05 63 65 25 65;;pdv11550@mousquetaires.com;https://www.intermarche.com/magasin?utm_source=gmb;https://www.creads.com/wp-content/uploads/2021/05/nouveau-logo-intermarche.jpg
ENT-0082;Supermarché Casino ;Grande surface alimentaire (supermarché);Zone Activité Commercial de Bordevieille 82500 Beaumont-de-Lomagne;Supermarché Casino  Zone Activité Commercial de Bordevieille 82500 Beaumont-de-Lomagne;43.888615,1.005304;82500;BEAUMONT DE LOMAGNE;; 05 63 68 43 00;;pdv11550@mousquetaires.com;https://www.supercasino.fr/;https://tse4.mm.bing.net/th/id/OIP.CNaYrZswcbCJNCg-HdVBPwAAAA?r=0&rs=1&pid=ImgDetMain&o=7&rm=3
ENT-0083;Picard ;Grande surface alimentaire (supermarché);Zone activite commercial de l'Artel 82100 Castelsarrasin ;Picard  Zone activite commercial de l'Artel 82100 Castelsarrasin ;44.0652958,1.0993903;82100;CASTELSARRASIN;Mme. Tilly Dominique;  05 63 39 72 35;06 22 19 00 67 ;domtilly@yahoo.fr;https://magasins.picard.fr/182-picard-castelsarrasin?utm_source=gmb;https://officieldelafranchise.fr/wp-content/uploads/site/3/logo_picard_bleusignature_d.png
ENT-0084;Intermarché SUPER Castelsarrasin et drive ;Grande surface alimentaire (supermarché);Zone industrielle Barraouet 82100 Castelsarrasin ;Intermarché SUPER Castelsarrasin et drive  Zone industrielle Barraouet 82100 Castelsarrasin ;44.039889,1.107132;82100;CASTELSARRASIN;M. Jean-Louis Garrigues;05 63 95 05 95;06 74 09 09 68;pdv11872@mousquetaires.com;https://www.intermarche.com/magasin?utm_source=gmb;https://d9m1iyeq935g9.cloudfront.net/intermarchemarcel20151437135095.png
ENT-0085;Weldom;Grande surface de bricolage;129 Avenue  du Quercy 82500 Beaumont-de-Lomagne;Weldom 129 Avenue  du Quercy 82500 Beaumont-de-Lomagne;43.8853777,0.9953626999999999;82500;BEAUMONT DE LOMAGNE;;; 05 49 98 20 30;;https://www.weldom.fr/magasin/235;https://franchise-weldom.fr/wp-content/uploads/2021/09/Logo-weldom.png
ENT-0086;Cash piscine ;Grande surface de bricolage;40 Route de Saint-Martial 82000 Montauban;Cash piscine  40 Route de Saint-Martial 82000 Montauban;44.0061261,1.384385;82000;MONTAUBAN;;;;montauban@cash-piscines.com;https://www.cash-piscines.com/?regionId=U1cjY3Btb250YXViYW4%3D&whitelabelSeller=cpmontauban;https://www.guide-piscine.fr/medias/image/NEW-LOGO-CASHPISCINES-page1-26368-1200-630.jpg
ENT-0087;Leroymerlin;Grande surface de bricolage;400 Boulevard d Occitanie 82000 Montauban;Leroymerlin 400 Boulevard d Occitanie 82000 Montauban;44.04419499999999,1.3848129;82000;MONTAUBAN;;;;montauban.pro@leroymerlin.fr;https://www.leroymerlin.fr › magasins › montauban.html;https://is1-ssl.mzstatic.com/image/thumb/Purple221/v4/5f/fb/98/5ffb9869-c1ce-82d4-5b75-501281ff669b/AppIcon-0-0-1x_U007epad-0-11-0-85-220.png/1200x630wa.png
ENT-0088;Brico dépôt ;Grande surface de bricolage;403 Route du Nord 82000 Montauban;Brico dépôt  403 Route du Nord 82000 Montauban;44.0397752,1.3816704;82000;MONTAUBAN;;05 63 93 30 00;;contact@contact.bricodepot.com;http://www.bricodepot.fr/montauban;https://vectorseek.com/wp-content/uploads/2023/04/Brico-Depot-Logo-Vector-730x730.jpg
ENT-0089;Costes vertes;Grande surface de bricolage;538 Route de la Mégère 82200 Moissac;Costes vertes 538 Route de la Mégère 82200 Moissac;44.11742,1.1181771;82200;MOISSAC;;;;contact@costes-motoculture.fr;http://costesvertsloisirs.fr;https://costesvertsloisirs.fr/img/cms/LOGO%20COSTES%20VL.jpg
ENT-0090;Bricoman ;Grande surface de bricolage;Centre Commercial Espace 31150 Fenouillet;Bricoman  Centre Commercial Espace 31150 Fenouillet;43.679151,1.392018;31150;FENOUILLET;;;;fenouillet@bricoman.fr;https://www.tecnomat.fr/;https://img.batiweb.com/repo-images/supplier/5820995/bricoman-logo2020.jpg
ENT-0091;Gamm vert;Grande surface de bricolage;routete d'Auch 82500 Beaumont-de-Lomagne;Gamm vert routete d'Auch 82500 Beaumont-de-Lomagne;43.8751048,0.9813482;82500;BEAUMONT DE LOMAGNE;;;05 63 64 95 71;;https://magasin.gammvert.fr/1780-gamm-vert-de-beaumont-de-lomagne;https://tout-stmax.com/wp-content/uploads/2014/07/gammvert-saint-maximin.jpg
ENT-0092;Rural Master;Grande surface de bricolage;Rue des Pommes 82200 Moissac;Rural Master Rue des Pommes 82200 Moissac;44.1099994,1.111054;82000;MONTAUBAN;;;;moissac@ruralmaster.fr;https://www.ruralmaster.fr › ;https://www.ruralmaster.fr/moissac/img/moissac-logo-161234232659.jpg
ENT-0093;Costes Verts Loisirs Beaumont de Lomagne;Grande surface de bricolage;Zone d Activité Commercial DE BORDE VIEILLE 82500 Beaumont-de-Lomagne;Costes Verts Loisirs Beaumont de Lomagne Zone d Activité Commercial DE BORDE VIEILLE 82500 Beaumont-de-Lomagne;43.888615,1.005304;82500;BEAUMONT DE LOMAGNE;;;05 63 26 41 27;costes.beaumont@wanadoo.fr;https:/costesvertloisirs.fr;https://www.verts-loisirs.fr/media/magedelight/storepickup/storeinfo/image/store/01-COSTES-2011.gif
ENT-0094;E. Leclerc Brico;Grande surface de bricolage;Zone d'activité du barraouet sud 82100 Castelsarrasin;E. Leclerc Brico Zone d'activité du barraouet sud 82100 Castelsarrasin;44.039889,1.107132;82100;CASTELSARRASIN;;;05 36 28 30 30;;www.eleclerc.com;https://urlz.fr/jjaN
ENT-0095;CASH piscine;Grande surface de bricolage;Zone Industrielle du Barraouet 82100 Castelsarrasin;CASH piscine Zone Industrielle du Barraouet 82100 Castelsarrasin;44.039889,1.107132;82100;CASTELSARRASIN;;;;castelsarrasin@cash-piscine.com;www.cataloguemate.fr/cash-piscines/catalogue;https://www.guide-piscine.fr/medias/image/NEW-LOGO-CASHPISCINES-page1-26368-1200-630.jpg
ENT-0096;BRICO PRO - Comai;Grande surface de bricolage;Zone Industrielle du Barraouet 82100 Castelsarrasin;BRICO PRO - Comai Zone Industrielle du Barraouet 82100 Castelsarrasin;44.039889,1.107132;82100;CASTELSARRASIN;Mr.Beaudonnet ;;05 63 32 72 72;gely.comai@gmail.com;http://www.comai.fr;https://drive.google.com/file/d/1XPaMXN5RuYIbXFGTrFIBU-I6udpsp-mG/view?usp=share_link
ENT-0097;MR Bricolage Castelsarrasin;Grande surface de bricolage;"Zone Industrielle du Barraouet 82100 Castelsarrasin
";"MR Bricolage Castelsarrasin Zone Industrielle du Barraouet 82100 Castelsarrasin
";44.039889,1.107132;82100;CASTELSARRASIN;M. Foulon;;05 63 32 55 96;castelsarrasin@mrbricolage.fr;https://urlz.fr/jf9f;https://drive.google.com/file/d/1wRXBVUHunZWgiMQAF_bNGu-0eJQzzyuS/view?usp=share_link
ENT-0098;AU BON JARDINIER;Jardinerie, animalerie;1 bis rue de la République 82100 Montauban;AU BON JARDINIER 1 bis rue de la République 82100 Montauban;44.0158338,1.3560669;82100;CASTELSARRASIN;;05 63 32 53 13;;aubonjardinier@orange.fr;X;https://drive.google.com/file/d/1mzACtU-floCsu1guhuEWYD6WtTIvlPCx/view?usp=sharing
ENT-0099;JARDILAND MONTAUBAN SUD;Jardinerie, animalerie;1849 Avenue de l'Europe 82000 Montauban;JARDILAND MONTAUBAN SUD 1849 Avenue de l'Europe 82000 Montauban;43.9836177,1.3319583;82000;MONTAUBAN;;05 63 20 24 00;05 63 20 24 00;gesmontauban@jardiland.com;https://www.jardiland.com/magasins/magasin-montauban-sud-albasud?utm_source=GMB&utm_campaign=Multidiffusion&utm_medium=local&utm_content=203;https://drive.google.com/file/d/1cT7eFWEEq9-mby6A-y1njidP7Xzu9vDk/view?usp=sharing
ENT-0100;MAXI ZOO MONTAUBAN;Jardinerie, animalerie;1000 Rte du N, 82000 Montauban, France;MAXI ZOO MONTAUBAN 1000 Rte du N, 82000 Montauban, France;44.04296249999999,1.3886079;82000;MONTAUBAN;;05 67 25 01 04;;4184@maxizoo.com;https://www.maxizoo.fr/stores/maxi-zoo-montauban/?utm_medium=seo&utm_campaign=yext;https://lh3.googleusercontent.com/p/AF1QipORm2hwKuuNy4G1xs32ZCONq4miixTr_XS_0AXH=s680-w680-h510
ENT-0101;LES JARDINS DE MOISSAC;Jardinerie, animalerie;70 imp Les Kiwis 82200 Moissac;LES JARDINS DE MOISSAC 70 imp Les Kiwis 82200 Moissac;44.1144869,1.113942;82200;MOISSAC;;05 63 04 03 57;;jardinsdemoissac@free.fr;https://fr-fr.facebook.com/people/Les-jardins-de-Moissac/100057670500967/;https://drive.google.com/file/d/1hZ6YI2IxqM5b98kyvwoMxmJWIOc5Dk_h/view?usp=sharing
ENT-0102;JARDILAND;Jardinerie, animalerie;ALBANORD 82000 Montauban;JARDILAND ALBANORD 82000 Montauban;44.0446886,1.3798869;82000;MONTAUBAN;M.BRUTIS Thibaut;05 63 20 88 88;;;https://www.jardiland.com/magasins/magasin-montauban-sud-albasud?utm_source=GMB&utm_campaign=Multidiffusion&utm_medium=local&utm_content=203;https://drive.google.com/file/d/1cT7eFWEEq9-mby6A-y1njidP7Xzu9vDk/view?usp=sharing
ENT-0103;Micromania;Jouets; 777 Avenue Jean Moulin 82000 Montauban;Micromania  777 Avenue Jean Moulin 82000 Montauban;44.031217,1.3701123;82000;MONTAUBAN;M. Nicolas Bertrand;05 63 91 51 82;;X;https://www.micromania.fr/home?utm_source=Yext%26utm_medium%3DGMB;https://www.centre-commercial.fr/carrefour-trans-en-provence/wp-content/uploads/sites/51/2015/05/micromania__085212700_1448_27042017.jpg
ENT-0104;Maxi Toys ;Jouets;1103 Avenue henri dunant 82000 montauban;Maxi Toys  1103 Avenue henri dunant 82000 montauban;43.9993802,1.3542709;82000;MONTAUBAN;;05 63 20 36 27;;x;http://www.maxitoys.fr/;https://tse1.mm.bing.net/th/id/OIP.05ySvhl4qJDGzE7fiqRaqgHaHa?r=0&pid=Api&h=220&P=0
ENT-0105;YG Animations;Jouets;1681 chemins Tauge 82000 Montauban;YG Animations 1681 chemins Tauge 82000 Montauban;44.0465519,1.4103373;82000;MONTAUBAN;;05 63 63 69 90;;contact@yganimations.fr;http://www.yganimations.fr/;http://www.yganimations.fr/wa_res/images/big/logo_yg_animations_2020_vecto.png?t=
ENT-0106;JouéClub;Jouets;2 avenue Gambetta 82000 Montauban;JouéClub 2 avenue Gambetta 82000 Montauban;44.0156071,1.3575095;82000;MONTAUBAN;;05 63 63 15 67;;joueclub.montauban82@gmail.com;https://www.joueclub.fr/magasin/joueclub-montauban.html;https://tse3.mm.bing.net/th/id/OIP.AF6913n2hEKpW_vxlXxhegHaHa?r=0&pid=Api&h=220&P=0
ENT-0107;L'Atelier Chez Soi;Jouets;33 rue République 82000 Montauban;L'Atelier Chez Soi 33 rue République 82000 Montauban;44.016559,1.3542894;82000;MONTAUBAN;;06 75 24 79 33;;contact@atelierchezsoi.fr;http://www.atelierchezsoi.fr/;https://commerces.montauban.com/fileadmin/Minisites/Commerces/Logo/logo_atelier.png
ENT-0108;Troc Collections;Jouets;360 rue Pasteur Louis Lafon 82000 MONTAUBAN;Troc Collections 360 rue Pasteur Louis Lafon 82000 MONTAUBAN;44.0065081,1.3492226;82000;MONTAUBAN;;05 63 63 74 88;;;http://stores.ebay.fr/Troc-Collections;https://tse2.mm.bing.net/th/id/OIP.kmZDv_bQhm9HtZXvv14legHaGL?r=0&pid=Api&h=220&P=0
ENT-0109;King jouet;Jouets;485 Route du Nord 82000 Montauban;King jouet 485 Route du Nord 82000 Montauban;44.0403333,1.3816327;82000;MONTAUBAN;;05 63 66 18 53;;;https://www.king-jouet.com/;https://brandlogos.net/wp-content/uploads/2022/09/king_jouet-logo_brandlogos.net_ierhv-300x300.png
ENT-0110;Dans Ma Cabane;Jouets;5 rue Michelet 82000 Montauban;Dans Ma Cabane 5 rue Michelet 82000 Montauban;44.0171725,1.3548549;82000;MONTAUBAN;;05 63 03 29 81;;contact@dansmacabane.com;http://www.dansmacabane.com/;https://dansmacabane.com/wp-content/uploads/2017/01/dmclogoshadow.png
ENT-0111;Au Chapeau Enchanté;Jouets;6 rue Comédie 82000 Montauban;Au Chapeau Enchanté 6 rue Comédie 82000 Montauban;44.0186669,1.3553761;82000;MONTAUBAN;;09 80 77 10 22;;;X;https://www.pagesjaunes.fr/media/agc/crop/200x200/13/d5/92/00/00/65/f4/e3/56/4c/5fbd13d592000065f4e3564c/5fbd13d592000065f4e3564d.jpg?v=2
ENT-0112;JouéClub ;Jouets;700 Avenue de Paris 82000 Montauban;JouéClub  700 Avenue de Paris 82000 Montauban;44.0345793,1.3778628;82000;MONTAUBAN;;05 63 63 15 67;;joueclub.montauban82@gmail.com;https://www.joueclub.fr/magasin/joueclub-montauban.html;https://tse1.mm.bing.net/th/id/OIP.C6TH-8hBAp45ZjkAPbWEpQHaHZ?r=0&rs=1&pid=ImgDetMain&o=7&rm=3
ENT-0113;King jouet;Jouets;Zone Commerciale Barraouet 82100 Castelsarrasin;King jouet Zone Commerciale Barraouet 82100 Castelsarrasin;44.039889,1.107132;82100;CASTELSARRASIN;;05 63 05 13 25;;;https://www.king-jouet.com/magasins/82-tarn-et-garonne/magasin-castelsarrasin-0805.htm;https://blog.king-jouet.com/wp-content/uploads/2019/02/logo-kj-blog.png
ENT-0114;E.Leclerc Espace Culturel;Magasin culturel - Librairie; Rue de l'Abbaye 82060 Montauban;E.Leclerc Espace Culturel  Rue de l'Abbaye 82060 Montauban;44.0079979,1.3561624;82060;MONTAUBAN;; 05 63 91 59 10;;;https://www.e.leclerc/mag/e-leclerc-sapiac;https://upload.wikimedia.org/wikipedia/fr/3/3a/Logo_Espace_Culturel_Leclerc_2013.jpg
ENT-0116;E.Leclerc Espace Culturel;Magasin culturel - Librairie;1400 Route de Moissac 82100 Castelsarrasin;E.Leclerc Espace Culturel 1400 Route de Moissac 82100 Castelsarrasin;44.0642746,1.0974081;82100;CASTELSARRASIN;;"05 63 32 78 00
";;;https://www.e.leclerc/mag/e-leclerc-castelsarrasin;https://upload.wikimedia.org/wikipedia/fr/3/3a/Logo_Espace_Culturel_Leclerc_2013.jpg
ENT-0117;Librairie jeunesse Le Bateau Livre;Magasin culturel - Librairie;17 Place nationale 82000 Montauban;Librairie jeunesse Le Bateau Livre 17 Place nationale 82000 Montauban;44.017311,1.3548064;82000;MONTAUBAN;;05 63 63 40 45;;;www.librairielebateaulivre.fr;https://static.leslibraires.fr/logos/website/423/main.png
ENT-0118;La Femme Renard;Magasin culturel - Librairie;21 Rue de la République 82000 Montauban;La Femme Renard 21 Rue de la République 82000 Montauban;44.016262,1.3547984;82000;MONTAUBAN;;05 63 63 22 66;;;https://www.librairielafemmerenard.fr/;https://static.leslibraires.fr/logos/website/408/main.png
ENT-0119;"Cultura
";Magasin culturel - Librairie;315 Avenue André Jorigne Z.A.C. du Futuropôle 82000 Montauban;"Cultura
 315 Avenue André Jorigne Z.A.C. du Futuropôle 82000 Montauban";44.0372484,1.3848373;82000;MONTAUBAN;;"07 57 59 78 41
";;                       ;https://www.cultura.com/les-magasins/cultura-montauban.html;https://presse.cultura.com/bundles/fae/images/og-cultura.png
ENT-0120;E.Leclerc ;Magasin culturel - Librairie;445 Route du Nord 82000 Montauban;E.Leclerc  445 Route du Nord 82000 Montauban;44.0388289,1.3815385;82000;MONTAUBAN;;05 63 66 03 00;;;https://www.e.leclerc/mag/e-leclerc-castelsarrasin;https://upload.wikimedia.org/wikipedia/fr/3/3a/Logo_Espace_Culturel_Leclerc_2013.jpg
ENT-0121;"Baux Livres
";Magasin culturel - Librairie;7 Place nationale 82000 Montauban;"Baux Livres
 7 Place nationale 82000 Montauban";44.0178811,1.3540483;82000;MONTAUBAN;;"06 74 53 63 89
";;;X;https://www.pagesjaunes.fr/media/agc/fd/70/87/00/00/a7/2b/18/ae/b1/61cdfd70870000a72b18aeb1/61cdfd70870000a72b18aeb2.jpg
ENT-0122;Bureau Vallée Montauban - papeterie et photocopie;Magasin culturel - Librairie;745 Avenue de Paris 82000 Montauban;Bureau Vallée Montauban - papeterie et photocopie 745 Avenue de Paris 82000 Montauban;44.0359689,1.3766942;82000;MONTAUBAN;;05 63 21 13 55;;bv.montauban@bureau-vallée.fr;https://magasins.bureau-vallee.fr/;https://magasins.bureau-vallee.fr/UI/img/logo.png
ENT-0123;Sud Cuisine ;Magasin d'ameublement et de décoration;1046 Route de Moissac 82100 Castelsarrasin;Sud Cuisine  1046 Route de Moissac 82100 Castelsarrasin;44.06138319999999,1.0986251;82100;CASTELSARRASIN;;06 49 58 47 07;;;https://www.sudcuisines.fr/?utm_source=gmb;https://www.pagesjaunes.fr/media/vignette/AAABTEVPSEQN-C73000.gif
ENT-0124;Gifi Castelsarrasin;Magasin d'ameublement et de décoration;1224 route de Moissac 82100 Castelsarrasin;Gifi Castelsarrasin 1224 route de Moissac 82100 Castelsarrasin;44.0630253,1.0980776;82100;CASTELSARRASIN;Mme.SUTRA Lena;05 63 95 15 27;05 63 95 15 27;castelsarrasin@gifi.fr;https://www.gifi.fr/?utm_source=GMB&utm_medium=groupe&utm_campaign=10611;https://upload.wikimedia.org/wikipedia/commons/1/1c/Logo_gifi_2020.png
ENT-0125;Apostrophe déco Montauban;Magasin d'ameublement et de décoration;1335 route du nord 82200 Moissac;Apostrophe déco Montauban 1335 route du nord 82200 Moissac;44.10485200000001,1.08468;82000;MOISSAC;;05 63 03 26 65;;info@apostrophedeco.com;https://www.apostrophedeco.com/;https://drive.google.com/file/d/1eZi2HJwABJpSOxThzAawDvH-njA1t2c8/view?usp=share_link
ENT-0126;Maison du monde Blagnac;Magasin d'ameublement et de décoration;2 Allée Emile Zola 31700 Blagnac;Maison du monde Blagnac 2 Allée Emile Zola 31700 Blagnac;43.6455186,1.3717202;31700;BLAGNAC;;05 61 30 33 01;;contact@maisondumonde.com;https://www.maisonsdumonde.com/FR/fr/s/toulouse-blagnac-253;https://upload.wikimedia.org/wikipedia/commons/3/34/Logo_Maisons_du_Monde_FR.png
ENT-0127;STANZA;Magasin d'ameublement et de décoration;2 Rue Benjamin Franklin 82000 Montauban;STANZA 2 Rue Benjamin Franklin 82000 Montauban;44.0348625,1.369594;82000;MONTAUBAN;;05 63 63 63 63;;;;https://www.vectorkhazana.com/assets/images/products/Datsun_stanza_logo,.jpg
ENT-0128;Graine d'intérieur;Magasin d'ameublement et de décoration;31 Rue de la République 82000 Montauban;Graine d'intérieur 31 Rue de la République 82000 Montauban;44.0163986,1.3542521;82000;MONTAUBAN;;09 82 28 44 48;;;Graine D'intérieur (@grainedinterieurmontauban);https://www.maisonapart.com/images/auto/640-480-c/20070906_100839_devanture_ok.jpg
ENT-0129;Maison du monde Agen;Magasin d'ameublement et de décoration;36 Boulevard de la République 47000 AGEN;Maison du monde Agen 36 Boulevard de la République 47000 AGEN;44.2043656,0.6149023;47000;AGEN;;05 53 87 58 85;;;https://www.maisonsdumonde.com/FR/fr/magasins/agen-32;https://upload.wikimedia.org/wikipedia/commons/3/34/Logo_Maisons_du_Monde_FR.png
ENT-0130;A B&M;Magasin d'ameublement et de décoration;382 Avenue de Toulouse 82000 Montauban;A B&M 382 Avenue de Toulouse 82000 Montauban;44.00381840000001,1.340672;82000;MONTAUBAN;;05 63 63 63 63;;;https://bmstores.fr/;https://www.centre-commercial.fr/mondevillage/wp-content/uploads/sites/45/2015/01/logo-bm-242x191.png
ENT-0131;Maison du monde Fenouillet;Magasin d'ameublement et de décoration;5004 Rue des Usines 31150 Fenouillet;Maison du monde Fenouillet 5004 Rue des Usines 31150 Fenouillet;43.6894483,1.4013732;31150;FENOUILLET;;;05 61 70 13 47;contact.client@maisonsdumonde.com;https://www.maisonsdumonde.com/FR/fr;https://upload.wikimedia.org/wikipedia/commons/3/34/Logo_Maisons_du_Monde_FR.png
ENT-0132;CASA;Magasin d'ameublement et de décoration;510 Route  du Nord  82000 Montauban;CASA 510 Route  du Nord  82000 Montauban;44.0385748,1.3825752;82000;MONTAUBAN;;05 63 03 01 92;;montauban@casashops.fr;https://localisateur.cylex-loc/ale.fr/montauban/magasin-de-meubles/CASA;https://www.century21-horeca.com/wp-content/uploads/elementor/thumbs/Logo-Casa-Enseige-r8k18fow2iad0e3kmfg3woiw1fixv4f47h7rm08hpc.jpg
ENT-0133;BUT;Magasin d'ameublement et de décoration;594 chemin De La Chaumière 82100 Castelsarrasin;BUT 594 chemin De La Chaumière 82100 Castelsarrasin;44.0600661,1.0996756;82100;CASTELSARRASIN;;05 63 32 78 30;;francois-xavier.sineau@but.fr;https://www.but.fr/magasins/313/But-Castelsarrasin.html?utm_campaign=pages-magasins&utm_medium=organic&utm_source=google;https://drive.google.com/file/d/1WK1E6d4GA0u0kEya2Qg5cMeKQw6u0g0C/view?usp=sharing
ENT-0134;Emy'sphere;Magasin d'ameublement et de décoration;6 bis Rue Pierre de Fermat 82500 beaumont-de-Lomagne;Emy'sphere 6 bis Rue Pierre de Fermat 82500 beaumont-de-Lomagne;43.8831944,0.9877244000000001;82500;BEAUMONT DE LOMAGNE;;05 63 02 71 89;;emysphere82@gmail.com;https://www.emy-sphere.fr/;https://static.wixstatic.com/media/d05957_2025e5b54aa546088b90b8fe9c3d96b9~mv2.png/v1/fill/w_260,h_260,al_c,q_85,usm_0.66_1.00_0.01,enc_auto/EMY'SPHERE%20SEUL.png
ENT-0135;Centrakor ;Magasin d'ameublement et de décoration;609 Route du Nord 82000 Montauban;Centrakor  609 Route du Nord 82000 Montauban;44.04118039999999,1.3823599;82000;MONTAUBAN;;05 63 63 01 24;;;https://www.centrakor.com/magasin-centrakor/mpg26/centrakor---zoe-confetti-montauban-82000.html?utm_source=gmb;https://www.zoeconfetti.fr/media/centrakor/img02.jpg
ENT-0136;Magasin de meubles H&H ;Magasin d'ameublement et de décoration;646 Avenue Jean Moulin 82000 Montauban;Magasin de meubles H&H  646 Avenue Jean Moulin 82000 Montauban;44.0279917,1.369118;82000;MONTAUBAN;;05 63 03 47 25;;;https://www.hemisphere-sud.com/magasin/montauban/;https://drive.google.com/file/d/10I1LwHKh7Bydwt0hCbYGxG7kt3cPnnnC/view?usp=share_link
ENT-0137;Marché aux affaires Moissac;Magasin d'ameublement et de décoration;715 Route de la Mégère 82200 Moissac;Marché aux affaires Moissac 715 Route de la Mégère 82200 Moissac;44.1187252,1.1188091;82200;MOISSAC;M. VASSEUR;09 62 52 27 59;07 67 85 38 50;maa.moissac@gmail.com;https://marche-aux-affaires-moissac.business.site/;https://drive.google.com/file/d/10SHCwbkQr4Qgx4N1dYNBwMDtRFW0j9Jq/view?usp=sharing
ENT-0138;Bois et Déco;Magasin d'ameublement et de décoration;82000 Montauban;Bois et Déco 82000 Montauban;44.0310432,1.3469247;82000;MONTAUBAN;;07 60 08 04 02;;contact@boisetdeco82.fr;https://www.boisetdeco82.fr/;https://lh3.googleusercontent.com/p/AF1QipNsy_grdGjb8jkRISP6I5I1x9NZL-bwh4kZ-lrb=s1280-p-no-v1
ENT-0139;Arc en ciel;Magasin d'ameublement et de décoration;9 Boulevard de Thibaud 31100 Toulouse;Arc en ciel 9 Boulevard de Thibaud 31100 Toulouse;43.55318279999999,1.4047872;31100;TOULOUSE;;05 62 85 76 67;;;https://www.arcenciel-maison-jardin.com/;https://www.arcenciel-maison-jardin.com/Files/110641/Img/09/logo.png
ENT-0141;Meubles déco HUGON;Magasin d'ameublement et de décoration;Allée de l'Emperreur 82000 Montauban;Meubles déco HUGON Allée de l'Emperreur 82000 Montauban;44.0168072,1.3567299;82000;MONTAUBAN;;05 63 66 92 00;;hugondeco1@orange.fr;https://commerces.montauban.com/tout-lannuaire-en-un-seul-clic/hugon-decoration-2555;https://media.achat-ville.com/uploads/tarnetgaronne/Vitrine/8e/com_logo_54_1607176770.jpg
ENT-0142;Centrakor Castelsarrasin;Magasin d'ameublement et de décoration;ZAC BARRAOUET Sud 82100 Castelsarrasin;Centrakor Castelsarrasin ZAC BARRAOUET Sud 82100 Castelsarrasin;44.039889,1.107132;82100;CASTELSARRASIN;M.BEGUIN Ciryl;05 63 05 07 90;06 87 60 94 84;prayssac@centrakor.fr;https://www.centrakor.com/magasin-centrakor/ctkcastels/centrakor-castelsarrasin-82100.html;http://magasins.spar.fr/image/mobilosoft-testing?apiPath=rehab/spar/images/location/Logo%20Site%20web%20re%CC%81el&imageSize=h_500
ENT-0143;EXCEDENT Electroménager Montauban;Magasin d'électroménager, électronique, informatique;  1000 Route du N, 82000 Montauban;EXCEDENT Electroménager Montauban   1000 Route du N, 82000 Montauban;44.04296249999999,1.3886079;82000;MONTAUBAN;;05 62 48 10 00;09 72 562 572;contact@excedent.fr;https://www.excedent-electromenager.fr/;https://drive.google.com/file/d/1q49FqxHKENvnzHlz8FXBImPcNqL9YmRG/view?usp=sharing
ENT-0144;Copra;Magasin d'électroménager, électronique, informatique;1080 Rue du Pasteur Louis Lafon, 82000 Montauba;Copra 1080 Rue du Pasteur Louis Lafon, 82000 Montauba;44.0005523,1.349524;82000;MONTAUBAN;M SEMILLE;05 63 21 87 00;;rjpcopramontauban@gmail.com;https://www.copra.fr/geo/;https://drive.google.com/file/d/1TgDdhrd0_1ub-mR7YT3QDWuMy0pFHn-v/view?usp=sharing
ENT-0145;E. Leclerc espace culturel;Magasin d'électroménager, électronique, informatique;1400 Route de Moissac, 82100 Castelsarrasin;E. Leclerc espace culturel 1400 Route de Moissac, 82100 Castelsarrasin;44.0642746,1.0974081;82100;CASTELSARRASIN; M. Alexis Morel;05 63 32 78 00;;serviceclient@culture.leclerc.;https://www.e.leclerc/mag/e-leclerc-castelsarrasin;https://www.priocall.com/wp-content/uploads/2019/02/e-leclerc-logo.jpg
ENT-0146;ETS Maronese;Magasin d'électroménager, électronique, informatique;44 rue du faubourg Sainte-Blanche 82200 Moissac;ETS Maronese 44 rue du faubourg Sainte-Blanche 82200 Moissac;44.1060165,1.0939632;82200;MOISSAC;;09 83 57 28 77;;;https://fr-fr.facebook.com/maronese/;https://drive.google.com/file/d/14q6ni5m-jwz9HSvyz_bF7YcjJabqemkH/view?usp=sharing
ENT-0147;Boulanger Montauban;Magasin d'électroménager, électronique, informatique;50 Rue Romy Schneider 82000;Boulanger Montauban 50 Rue Romy Schneider 82000;44.0389546,1.3842939;82000;MONTAUBAN;;05 31 78 01 40;;;https://www.boulanger.com/magasins/occitanie/tarn-et-garonne/montauban/route-du-nord-50-rue-romy-schneider;https://drive.google.com/file/d/19s2h8fy63tmasXxhic2IaB8ERI0fbSLJ/view?usp=share_link
ENT-0148;BUT Castelsarrasin;Magasin d'électroménager, électronique, informatique;594, Chemin de la Chaumière Castelsarrasin 82100;BUT Castelsarrasin 594, Chemin de la Chaumière Castelsarrasin 82100;44.0600661,1.0996756;82100;CASTELSARRASIN;SINEAU;05 63 32 78 30;06 52 52 25 06;;https://www.but.fr/magasins/313/But-Castelsarrasin.html?utm_campaign=pages-magasins&utm_medium=organic&utm_source=google;https://drive.google.com/file/d/1WK1E6d4GA0u0kEya2Qg5cMeKQw6u0g0C/view?usp=sharing
ENT-0149;DARTY - SARL DAROSTRA;Magasin d'électroménager, électronique, informatique;705 Route de la mégère 82200 Moissac ;DARTY - SARL DAROSTRA 705 Route de la mégère 82200 Moissac ;44.1186923,1.1187457;82200;MOISSAC;ROSSIGNOL;05 63 32 00 79;;;https://www.societe.com/societe/darostra-821057528.html;https://drive.google.com/file/d/1g_89mXg__-X6eUA37_z_AO0Lz0tu28up/view?usp=share_link
ENT-0150;PULSAT Montauban;Magasin d'électroménager, électronique, informatique;765 Av. de Paris ZI Nord, 82000 Montauban;PULSAT Montauban 765 Av. de Paris ZI Nord, 82000 Montauban;44.0361397,1.3777986;82000;MONTAUBAN;BOSCARI;05 63 91 84 84;07 82 15 43 22;pulsatmontauban@wanadoo.fr;https://magasins.pulsat.fr/88-pulsat-montauban?utm_source=gmb;https://www.pagesjaunes.fr/media/agc/f8/02/73/00/00/3a/28/a6/7a/7e/6066f8027300003a28a67a7e/6066f8027300003a28a67a7f.jpg
ENT-0151;Cash Converters;Magasin d'électroménager, électronique, informatique;785 Avenu Jean Moulin C.C. Auchan, 82000 Montauba;Cash Converters 785 Avenu Jean Moulin C.C. Auchan, 82000 Montauba;44.0314128,1.3687488;82000;MONTAUBAN;Mme AMORE;05 63 66 54 19;;;https://soon.cashconverters.fr/;https://drive.google.com/file/d/124e3aqa7bogJozxW3iX8mSC5uOrlwnBx/view?usp=share_link
ENT-0152;PRO & CIE;Magasin d'électroménager, électronique, informatique;8 Rue de l'Église, 82500 Beaumont-de-Lomagne;PRO & CIE 8 Rue de l'Église, 82500 Beaumont-de-Lomagne;43.8835437,0.9882778;82500;BEAUMONT DE LOMAGNE;;05 63 02 35 01;;pascal.meillon@orange.fr;http://www.procie-beaumont-de-lomagne.com/;https://drive.google.com/file/d/1IE4Jkd1XxYWslk5UH-PWxdZAxH9R2CNb/view?usp=share_link
ENT-0153;Cash 31;Magasin d'électroménager, électronique, informatique;880 Avenue. Henry Dunant, 82000 Montauban;Cash 31 880 Avenue. Henry Dunant, 82000 Montauban;44.0012169,1.3540044;82000;MONTAUBAN;;05 63 63 50 57;;;https://www.cash31.fr/;https://drive.google.com/file/d/1kaJovbJ7xdS5rNF1mdyxk9TH2uFMJfI9/view?usp=share_link
ENT-0154;Cash 82;Magasin d'électroménager, électronique, informatique;9 Rue Ernest Mercadier, 82000 Montauban;Cash 82 9 Rue Ernest Mercadier, 82000 Montauban;44.0370229,1.3686186;82000;MONTAUBAN;;05 63 66 54 19;;;;https://drive.google.com/file/d/1kaJovbJ7xdS5rNF1mdyxk9TH2uFMJfI9/view?usp=share_link
ENT-0155;Darty Montauban ;Magasin d'électroménager, électronique, informatique;Parc Commercial d'Aussonne, 915 Rte du N, 82000 Montauban;Darty Montauban  Parc Commercial d'Aussonne, 915 Rte du N, 82000 Montauban;44.042496,1.38668;82000;MONTAUBAN;; 0 892 01 10 10;;;https://magasin.darty.com/112-darty-montauban?utm_source=gmb;https://drive.google.com/file/d/1g_89mXg__-X6eUA37_z_AO0Lz0tu28up/view?usp=share_link
ENT-0156;Sport 2000 Moissac;Magasin de sport; 715 Route de la Mégère 82200 Moissac;Sport 2000 Moissac  715 Route de la Mégère 82200 Moissac;44.1187252,1.1188091;82200;MOISSAC;;05 63 32 09 34;;asportadatta@orange.fr;https://www.sport2000.fr/magasins/fiche/820612-sport-2000-moissac;https://drive.google.com/file/d/1LcDdZFUQDS7KAdzdRFUzJiIa1p3jS09L/view?usp=sharing
ENT-0157;ROYAL-SPORT;Magasin de sport;1200 Avenue  de Cos 82000 Montauban;ROYAL-SPORT 1200 Avenue  de Cos 82000 Montauban;44.03758759999999,1.3656884;82000;MONTAUBAN;;05 63 03 85 53;;;https://www.royal-sport.fr/fr/;https://drive.google.com/file/d/1qwBhYknlnVPF_26Y-gjR79Zd7t8f6iSE/view?usp=share_link
ENT-0158;Tennispro Montauban;Magasin de sport;1935 Avenue de Fonneuve 82000 Montauban;Tennispro Montauban 1935 Avenue de Fonneuve 82000 Montauban;44.0376983,1.3719825;82000;MONTAUBAN;;05 63 21 90 79;;;https://www.tennispro.fr/store?name=Montauban&id=19;https://drive.google.com/file/d/1KPswCgrlz4Xfj7Ar6148xettb083RBaB/view?usp=sharing
ENT-0159;Ô Rugby;Magasin de sport;2000 Chemin. de Matras 82000 Montauban;Ô Rugby 2000 Chemin. de Matras 82000 Montauban;44.0361397,1.3777986;82000;MONTAUBAN;M. Segura;05 63 20 53 06;;montauban@orugby.fr;https://www.o-rugby.com/;https://www.o-rugby.com/img/o-rugby-boutique-logo-1641460651.jpg
ENT-0160;Rrunning Montauban;Magasin de sport;2050 avenue Fonneuve Espace Commercial Matras 82000 Montauban;Rrunning Montauban 2050 avenue Fonneuve Espace Commercial Matras 82000 Montauban;44.0378203,1.373641;82000;MONTAUBAN;;05 63 66 61 44;;franchise@rrunning.com;https://www.rrunning.com/magasin-rrun-running-montauban/;https://tse2.mm.bing.net/th/id/OIP.SYLkJvOUwVqEN2GXvXub0AAAAA?r=0&rs=1&pid=ImgDetMain&o=7&rm=3
ENT-0161;Quercy Pêche Moissac;Magasin de sport;4 Boulevard Delthil 82200 Moissac;Quercy Pêche Moissac 4 Boulevard Delthil 82200 Moissac;44.1025565,1.0869246;82200;MOISSAC;;05 63 32 64 25;;;https://www.cylex-locale.fr/entreprises/quercy-peche-moissac-14211667.html;https://drive.google.com/file/d/1jGpcQ38Ff0AZ6FwB7pkV3MW0TlnYQOF-/view?usp=share_link
ENT-0162;Intersport MONTAUBAN Aussonne;Magasin de sport;609 Route du National  82000 Montauban;Intersport MONTAUBAN Aussonne 609 Route du National  82000 Montauban;44.0310432,1.3469247;82000;MONTAUBAN;;"05 32 64 01 10
";;;https://www.intersport.fr/Tarn-et-Garonne-82/Montauban-82000/INTERSPORT-MONTAUBANAUSSONNE/04561_000/;https://drive.google.com/file/d/1IRiXyYMiLNxvDBF_3FGnnK_OkTrnlWGT/view?usp=share_link
ENT-0163;Cycles Feutrier Castelsarrasin;Magasin de sport;736 Chemin de la Chaumiere  82100 Castelsarrasin;Cycles Feutrier Castelsarrasin 736 Chemin de la Chaumiere  82100 Castelsarrasin;44.0625772,1.0999875;82100;CASTELSARRASIN;Mme FEUTRIER Aurélie ;05.63.32.07.42;;castelsarrasin@feutrier.fr;https://www.cycles-feutrier.fr/nos-magasins.php#row_SECTION_RG4GI1EWB2;http://static.apidae-tourisme.com/filestore/objets-touristiques/images/75/133/9930059.png
ENT-0164;Sport 2000 MONTAUBAN;Magasin de sport;745 Avenue de Paris 82000 MONTAUBAN;Sport 2000 MONTAUBAN 745 Avenue de Paris 82000 MONTAUBAN;44.0359689,1.3766942;82000;MONTAUBAN;;;;contact@sport2000-montauban.fr;https://www.sport2000.fr/magasins/fiche/820614-sport-2000-montauban;https://th.bing.com/th/id/OIP.7pKcAPQcUMBkdqgapWonXQHaHa?r=0&o=7rm=3&rs=1&pid=ImgDetMain&o=7&rm=3
ENT-0165;Intersport MONTAUBAN;Magasin de sport;80 Avenue du Luxembourg 82000 Montauban;Intersport MONTAUBAN 80 Avenue du Luxembourg 82000 Montauban;43.9883049,1.3318311;82000;MONTAUBAN;;05 63 91 84 40;;;https://www.intersport.fr/?gclid=Cj0KCQjwsrWZBhC4ARIsAGGUJurBj_zd8P0GV0da7okMdAB8xRz-9ZoDtuwErfr9aHFBjnElytvptW8aAjFIEALw_w;https://drive.google.com/file/d/1IRiXyYMiLNxvDBF_3FGnnK_OkTrnlWGT/view?usp=share_link
ENT-0166;Décathlon MONTAUBAN ;Magasin de sport;Avenue d' Irlande 82000 Montauban;Décathlon MONTAUBAN  Avenue d' Irlande 82000 Montauban;43.9865213,1.3338039;82000;MONTAUBAN;;05 63 91 84 00;;;https://www.decathlon.fr/store-view/magasin-de-sports-montauban-0070012700127;https://logos-world.net/wp-content/uploads/2020/01/Decathlon-Logo.png
ENT-0167;Intersport CASTELSARRASIN;Magasin de sport;Zone Industrielle de l'Artel Route National 113 82100 Castelsarrasin ;Intersport CASTELSARRASIN Zone Industrielle de l'Artel Route National 113 82100 Castelsarrasin ;44.0783382,1.0918911;82100;CASTELSARRASIN;M. DELPORTE Sébastien ;05 63 95 14 75;;castelsarrasin@reseau-intersport.fr;https://www.intersport.fr/Tarn-et-Garonne-82/CASTELSARRASIN-82100/INTERSPORT-CASTELSARRASIN/00225_000/;https://www.emploivelo.com/wp-content/uploads/2022/09/intersport-castelsarrasin-2048x1318.jpg
ENT-0168;CCL;Matériaux de construction;1051 Avenue de Cos 82000 Montauban;CCL 1051 Avenue de Cos 82000 Montauban;44.03652659999999,1.3636943;82000;MONTAUBAN;;05 67 05 10 10;;;https://ccl.fr/agence/montauban-electricit%C3%A9;https://tse1.mm.bing.net/th?id=OIP.oCavx5RuuDERmdnB6cffKgHaE1&pid=Api&P=0
ENT-0169;Cemex Béton Sud Ouest;Matériaux de construction;1749 avenue Italie 82000 Montauban;Cemex Béton Sud Ouest 1749 avenue Italie 82000 Montauban;43.9729676,1.3207334;82000;MONTAUBAN;;05 63 20 63 91;;;http://www.cemex.com/;https://www.pagesjaunes.fr/media/agc/crop/100x100/08/45/7d/00/00/69/19/14/ee/80/62c708457d0000691914ee80/62c708457d0000691914ee81.png?v=2
ENT-0170;RURAL MASTER;Matériaux de construction;1950 avenue Europe 82000 Montauban;RURAL MASTER 1950 avenue Europe 82000 Montauban;43.9822089,1.3296492;82000;MONTAUBAN;; 05 63 22 50 30;;;https://www.ruralmaster.fr/montauban/magasins;https://www.pagesjaunes.fr/media/agc/crop/200x200/19/34/67/00/00/42/c2/15/8f/9d/62b3193467000042c2158f9d/62b3193467000042c2158f9f.jpg?v=2
ENT-0171;Chausson Matériaux ;Matériaux de construction;6 Chem. de Notre Dame d'Alem, 82100 Castelsarrasin;Chausson Matériaux  6 Chem. de Notre Dame d'Alem, 82100 Castelsarrasin;44.0578683,1.0970149;82100;CASTELSARRASIN;;05 63 32 32 00;;;;https://static.neopse.com/medias/p/1457/site/5f/d4/82/5fd4828b26bfc99b94283ce84a1e8dec8b4c76b1.PNG?v=v11
ENT-0172;Point P;Matériaux de construction;2 Avenue Pierre Latécoère 82100 Castelsarrasin;Point P 2 Avenue Pierre Latécoère 82100 Castelsarrasin;44.0578683,1.0970149;82100;CASTELSARRASIN;;05 63 32 32 09;;CASTELSARRASIN@POINTP.FR ;https://www.pointp.fr/infos-agence/castelsarrasin-point-p-3328;https://media.cylex-locale.fr/companies/1033/7461/logo/logo.jpg
ENT-0173;M + Matériaux ;Matériaux de construction;22 Rue des usines 31150 fenouillet ;M + Matériaux  22 Rue des usines 31150 fenouillet ;43.6850075,1.4034999;31150;FENOUILLET;;;;;https://www.mplus-materiaux.fr/;https://drive.google.com/file/d/10tdNgHUpmW3QtU1dMutly0ke47yh6C2w/view?usp=share_link
ENT-0174;PUM;Matériaux de construction;249 impasse Tamaris 82000 Montauban;PUM 249 impasse Tamaris 82000 Montauban;44.0473899,1.3913229;82000;MONTAUBAN;;05 63 63 11 01;;;https://www.mypum.fr/agence/MTBN;https://www.pagesjaunes.fr/media/agc/crop/100x100/85/a8/77/00/00/d1/00/ad/14/94/62cd85a8770000d100ad1494/62cd85a8770000d100ad1495.jpg?v=2
ENT-0175;Frans Bonhomme;Matériaux de construction;251 rue Copenhague 82000 Montauban;Frans Bonhomme 251 rue Copenhague 82000 Montauban;43.981666,1.32896;82000;MONTAUBAN;;05 63 02 15 00;;;https://www.fransbonhomme.fr/store-finder/82000-montauban-244;https://www.pagesjaunes.fr/media/agc/crop/100x100/fa/45/91/00/00/7b/a6/87/8b/a7/62c6fa459100007ba6878ba7/62c6fa459100007ba6878ba8.jpg?v=2
ENT-0176;Chausson;Matériaux de construction;430 Avenue de Paris 82000 Montauban ;Chausson 430 Avenue de Paris 82000 Montauban ;44.032968,1.3758272;82000;MONTAUBAN;;05 63 03 24 95;;;https://www.chausson.fr/agences/33?utm_source=fiche&utm_medium=GMB;https://static.neopse.com/medias/p/1457/site/5f/d4/82/5fd4828b26bfc99b94283ce84a1e8dec8b4c76b1.PNG?v=v1
ENT-0177;LARIVIERE;Matériaux de construction;459 avenue Grande Bretagne 82000 Montauban;LARIVIERE 459 avenue Grande Bretagne 82000 Montauban;43.98583259999999,1.3291107;82000;MONTAUBAN;;05 63 02 45 50;;;https://magasin.vertbaudet.fr/54-vertbaudet-montauban?utm_source=gmb;https://tse2.mm.bing.net/th?id=OIP.OFV3SHGokEHzzAfGvh-D5QHaDD&pid=Api&P=0
ENT-0178;Frans Bonhomme;Matériaux de construction;530 chemins Grezel 82440 REALVILLE;Frans Bonhomme 530 chemins Grezel 82440 REALVILLE;44.141259,1.515302;82440;MONTAUBAN;;05 63 03 87 52;;;"https://www.fransbonhomme
.fr/store-finder/82440-realville
-448";https://www.pagesjaunes.fr/media/agc/crop/100x100/fa/60/b2/00/00/96/37/99/ee/80/62c6fa60b20000963799ee80/62c6fa60b20000963799ee81.jpg?v=2
ENT-0179;Point P;Matériaux de construction;540 Avenue de Paris 82000 Montauban;Point P 540 Avenue de Paris 82000 Montauban;44.0337365,1.376845;82100;MONTAUBAN;Mme. Sophie Legrand ;05 63 22 16 16;;;"
www.pointp.fr ";https://media.cylex-locale.fr/companies/1033/7461/logo/logo.jpg
ENT-0180;Chausson Matériaux;Matériaux de construction;70 route Montauban 82370 Labastide Saint Pierre;Chausson Matériaux 70 route Montauban 82370 Labastide Saint Pierre;43.9295172,1.3619576;82370;LABASTIDE ST PIERRE;;05 63 30 51 57;;;http://www.chausson-materiaux.fr/;https://www.pagesjaunes.fr/media/agc/crop/100x100/30/24/77/00/00/d1/00/ab/89/ee/62bc3024770000d100ab89ee/62bc3025770000d100ab89ef.jpg?v=2
ENT-0181;BigMat Camozzi Matériaux;Matériaux de construction;711 avenue Nègrepelisse 82000 Montauban;BigMat Camozzi Matériaux 711 avenue Nègrepelisse 82000 Montauban;44.03280609999999,1.3800116;82000;MONTAUBAN;;05 63 91 60 60;;;https://magasins.bigmat.fr/occitanie/tarn-et-garonne/montauban/bigmat-montauban-camozzi-176;https://yt3.googleusercontent.com/H3s_GaER4__QsUIqjkb_8Ts5GFN20R7KsCjZYBLRkR5UV5TFqwnRfJ9erov67pQLMy_zPIay=s900-c-k-c0x00ffffff-no-rj
ENT-0182;Eco-Logic Materiaux;Matériaux de construction;75 impasse Monaco 82000 Montauban;Eco-Logic Materiaux 75 impasse Monaco 82000 Montauban;43.9914216,1.3349097;82000;MONTAUBAN;;05 63 67 38 16;;;https://www.ecologic-materiaux.com/?srsltid=AfmBOoopx2cb7JFWLcazHaWihWgdSW9Bl2-J0JSbSP_BIWLenwPvMiWw;https://www.studio509.fr/sites/default/files/styles/large/public/pictures/projects/ecologic-materiaux-logo-studio509.jpg?itok=Gfs6AXon
ENT-0183;Briqueterie Marengo Frères;Matériaux de construction;752 route Albefeuille Lagarde 82000 Montauban;Briqueterie Marengo Frères 752 route Albefeuille Lagarde 82000 Montauban;44.0229882,1.3188251;82000;MONTAUBAN;;05 63 66 46 47;;;http://www.marengo-materiaux-montauban.fr/;https://www.pagesjaunes.fr/media/newdam/preset-export-large/d3/26/6b/00/00/2d/02/29/cb/4d/61f3d3266b00002d0229cb4d/61f3d3266b00002d0229cb4e.gif
ENT-0184;Brico leclerc ;Matériaux de construction;771 Rue de la 1ère Armée 82000 Montauban;Brico leclerc  771 Rue de la 1ère Armée 82000 Montauban;44.0030315,1.3538188;82000;MONTAUBAN;;05 63 63 11 13;;;"
http://www.e-leclerc.com/sapiac/magasins-specialises/brico/info-brico ";https://media.cylex-locale.fr/companies/1299/2438/logo/logo.jpg
ENT-0185;Chausson Matériaux;Matériaux de construction;824 avenue Auch 82700 Montech;Chausson Matériaux 824 avenue Auch 82700 Montech;43.9556427,1.2175114;82700;MONTECH;;05 63 02 81 09;;;http://www.chausson-materiaux.fr/;https://media.cylex-locale.fr/companies/1147/3431/logo/logo35116941.jpg
ENT-0186;M+ Matériaux;Matériaux de construction;avenue Europe 82000 Montauban;M+ Matériaux avenue Europe 82000 Montauban;43.986894,1.3305936;82000;MONTAUBAN;;05 63 63 00 69;;;http://www.mplus-materiaux.fr/;https://drive.google.com/file/d/10tdNgHUpmW3QtU1dMutly0ke47yh6C2w/view?usp=share_link
ENT-0187;Celestin Materiaux;Matériaux de construction;avenue Paris 82000 MONTAUBAN;Celestin Materiaux avenue Paris 82000 MONTAUBAN;44.0332817,1.375218;82000;MONTAUBAN;;05 63 21 86 95;;;https://www.celestin-materiaux.fr/;https://www.celestin-materiaux.fr/wp-content/uploads/2018/03/Celestin-Pantone.png
ENT-0188;Weldom;Matériaux de construction;Route de la Mégère Zone De Luc Secteur Est 82200 Moissac;Weldom Route de la Mégère Zone De Luc Secteur Est 82200 Moissac;44.1218985,1.1394728;82200;MOISSAC;;05 63 29 64 10;;moissac@weldom.fr;https://www.weldom.fr/magasin/81;https://upload.wikimedia.org/wikipedia/commons/4/4b/Logo_weldom.png?utm_source=fr.wikipedia.org&utm_campaign=index&utm_content=original
ENT-0189;Chausson Matériaux;Matériaux de construction;Rue de Bordevieille 82500 Beaumont-de-Lomagne;Chausson Matériaux Rue de Bordevieille 82500 Beaumont-de-Lomagne;43.8902322,1.0065526;82500;BEAUMONT DE LOMAGNE;;05 63 65 22 45;;;https://www.chausson.fr/agences/477?utm_source=fiche&utm_medium=GMB;https://www.creditmutuel-equity.eu/partage/fr/CSD-CM/CM-EQUITY/assets/articles/entity/chausson-materiaux/logo.png
ENT-0190;Brico Pro;Matériaux de construction;Zone Indistruelle  DU BARRAOUET  82100 Castelsarrasin;Brico Pro Zone Indistruelle  DU BARRAOUET  82100 Castelsarrasin;44.039889,1.107132;82100;CASTELSARRASIN;;05 63 32 72 72;;;https://www.bricopro.fr/carte-magasins/bricopro-castelsarrasin;https://www.pagesjaunes.fr/media/agc/a8/14/2b/00/00/36/00/26/9d/10/69f8a8142b00003600269d10/69f8a8142b0000aa1c269d11.jpg
ENT-0191;Jennyfer;Prêt-à-porter, vêtements et chaussures;1000 Route du Nord, Cellule N° 3, 82000 Montauban;Jennyfer 1000 Route du Nord, Cellule N° 3, 82000 Montauban;44.04296249999999,1.3886079;82000;MONTAUBAN;;05 63 63 41 97;;;https://www.jennyfer.com/;https://publisher-media.bonial.biz/publisher-logos/12f0f918-c02e-496b-8b36-811717fddd94.png
ENT-0192;Annie Paule Boutique;Prêt-à-porter, vêtements et chaussures;13 Place des Récollets 82200 Moissac;Annie Paule Boutique 13 Place des Récollets 82200 Moissac;44.1035781,1.084903;82200;MOISSAC;;563040443;;info.anniepaule@yahoo.fr;https://www.anniepaule.fr/;https://encrypted-tbn0.gstatic.com/images?q=tbn:ANd9GcRU6MxXTwXk-Yok5kzv0UbrmFfxo4c1nlq4HPEziW1eLg&s
ENT-0193;Le Dressing ;Prêt-à-porter, vêtements et chaussures;13 Rue Malaveille 82200 Moissac;Le Dressing  13 Rue Malaveille 82200 Moissac;44.1042948,1.0856705;82200;MOISSAC;Mm.CLARMONT;05 63 04 16 97;;ledressing82@orange.fr;https://www.moissac.fr/commerces/le-dressing/;https://encrypted-tbn0.gstatic.com/images?q=tbn:ANd9GcTYDo7ttrqIyQOafbaReiP1DAOK6JXhhP4wVBsY2_TFw7oqzcfWJu6OMrM&s=10
ENT-0194;Mille Et Une Nuit ;Prêt-à-porter, vêtements et chaussures;17 Rue de la République 82200 Moissac;Mille Et Une Nuit  17 Rue de la République 82200 Moissac;44.1040972,1.0849779;82200;MOISSAC;Mm.BEA;05 63 04 26 20;06 86 11 35 44;1001-nuits82@wanadoo.fr;https://milletunenuits.com/;https://encrypted-tbn0.gstatic.com/images?q=tbn:ANd9GcRhEFe9rAnfDF0ZZSfdD_OyE0_Lr_TPssU7J30AUhtXrQ&s
ENT-0195;Chic à La Mode ;Prêt-à-porter, vêtements et chaussures;23 boulevard Léon Cladel 82200 Moissac;Chic à La Mode  23 boulevard Léon Cladel 82200 Moissac;44.1066171,1.0854646;82200;MOISSAC;;07  81 60 51 32;;;https://firmania.fr/moissac/chic-a-la-mode-1495316;https://www.placeducentre.com/app/uploads/sites/12/2018/04/La-mode-Chic.png
ENT-0196;La Traversée De Moissac ;Prêt-à-porter, vêtements et chaussures;3 Rue de la République 82200 Moissac;La Traversée De Moissac  3 Rue de la République 82200 Moissac;44.1045441,1.0848282;82200;MOISSAC;Mm.VIOLLE;05 63 29 23 26;;latraverseedemoissac@orange.fr;https://www.latraverseedemoissac.fr/;https://encrypted-tbn0.gstatic.com/images?q=tbn:ANd9GcR_06c6ROrX6LS2ctVGYQGpEQ7girdRRh3agghsxE51KK-SjaNM-JmRmj0B&s=10
ENT-0197;BIS;Prêt-à-porter, vêtements et chaussures;3 Rue Malaveille  82200 Moissac;BIS 3 Rue Malaveille  82200 Moissac;44.1040864,1.0847313;82200;MOISSAC;; 05 63 04 26 20;;;https://www.passtime.eu/offers/18691-3-bis-pret-a-porter-pour-hommes-1676b3f8-77d9-4979-a647-4416b625b19c;https://drive.google.com/file/d/1iu73pu-r34zjij5nDd_FZ_4CKgK-jGEf/view?usp=share_link
ENT-0198;Galeries Lafayette;Prêt-à-porter, vêtements et chaussures;37-39 Rue Bessières, 82000 Montauban;Galeries Lafayette 37-39 Rue Bessières, 82000 Montauban;44.0171858,1.3560385;82000;MONTAUBAN;;05 63 92 65 65;;;https://www.galerieslafayette.com/m/magasin-montauban?utm_campaign=montauban&utm_medium=gmb&utm_source=google;https://encrypted-tbn0.gstatic.com/images?q=tbn:ANd9GcQEFp7KmSyDhsepMqZDNDGoUcWU2tiRUdDYen99n5KXbjLkCLUSp-yKrLMQ&s=10
ENT-0199;Deci Delà;Prêt-à-porter, vêtements et chaussures;41 Rue Malaveille 82200 Moissac;Deci Delà 41 Rue Malaveille 82200 Moissac;44.1041038,1.0869514;82200;MOISSAC;; 06 10 69 06 21;;;X;https://drive.google.com/file/d/1LEWc5yo2SXly3NYGh1zd_29mvEHeHTav/view?usp=sharing
ENT-0200;Courir;Prêt-à-porter, vêtements et chaussures;445 Route du N 82000 Montauban;Courir 445 Route du N 82000 Montauban;44.0388289,1.3815385;82000;MONTAUBAN;;05 63 30 17 35;;;http://www.courir.com/;https://i2.wp.com/www.grapheine.com/wp-content/uploads/2010/03/courir_niou.jpg?fit=522%2C294&quality=90&strip=all&ssl=1
ENT-0201;G - Star;Prêt-à-porter, vêtements et chaussures;445 Route du nord, 82000 Montauban;G - Star 445 Route du nord, 82000 Montauban;44.0388289,1.3815385;82000;MONTAUBAN;; 05 63 63 36 57;;;https://www.pagesmode.com/g-star-raw/montauban;https://stickslab.com/35658-large_default/g-star.jpg
ENT-0202;Pole Sud;Prêt-à-porter, vêtements et chaussures;63 Rue de la Révolution 82100 Castelsarrasin;Pole Sud 63 Rue de la Révolution 82100 Castelsarrasin;44.0389466,1.106958;82100;CASTELSARRASIN;HURTEVENT;05 63 32 17 52;06 74 77 23 98;polesud82@orange.fr;https://polesud82.com/;https://encrypted-tbn0.gstatic.com/images?q=tbn:ANd9GcSK9SGyq1xRLTPiOQYl0D1gwG8bBIfQIT19iBzqwmBApwWuMoaiqnPo-UJu&s=10
ENT-0203;WAS We Are Select Montauban;Prêt-à-porter, vêtements et chaussures;745 Avenue de Paris 82000 Montauban;WAS We Are Select Montauban 745 Avenue de Paris 82000 Montauban;44.0359689,1.3766942;82000;MONTAUBAN;;05 63 03 01 25;;;https://www.sport2000.fr/magasins/fiche/828220-was-we-are-select-montauban;https://encrypted-tbn0.gstatic.com/images?q=tbn:ANd9GcRtCsi5AZrTV-P3iSV_Z9WUiPtTkucnus1EiAi13V882A&s=10
ENT-0204;H&M;Prêt-à-porter, vêtements et chaussures;777 Avenu. Jean Moulin, 82000 Montauban;H&M 777 Avenu. Jean Moulin, 82000 Montauban;44.031217,1.3701123;82000;MONTAUBAN;;0 805 08 88 88;;;https://www2.hm.com/fr_fr/index.html?utm_source=google_location&utm_medium=organic&utm_campaign=FR0159;https://upload.wikimedia.org/wikipedia/commons/5/53/H%26M-Logo.svg?utm_source=fr.wikipedia.org&utm_campaign=index&utm_content=original
ENT-0205;Blue Box;Prêt-à-porter, vêtements et chaussures;910 Avenu. Henry Dunant, 82000 Montauban;Blue Box 910 Avenu. Henry Dunant, 82000 Montauban;44.00109,1.354617;82000;MONTAUBAN;;05 63 63 00 24;;;https://www.blue-box.fr/;https://encrypted-tbn0.gstatic.com/images?q=tbn:ANd9GcSBJJOIr7J7gzXiBvzlJh4DNR9kLL8LE-U4kupy8SEL&s=10
ENT-0206;La Halle;Prêt-à-porter, vêtements et chaussures;948 Route de Moissac 82100 Castelsarrasin;La Halle 948 Route de Moissac 82100 Castelsarrasin;44.060784,1.0984045;82100;CASTELSARRASIN;NARD; 05 63 04 31 99;;;https://www.lahalle.com/magasins-tarn-et-garonne-82-castelsarrasin-154.html;https://upload.wikimedia.org/wikipedia/commons/5/51/Lahallenewlog.png?utm_source=fr.wikipedia.org&utm_campaign=index&utm_content=original
ENT-0207;Mango;Prêt-à-porter, vêtements et chaussures;es portes de Montauban, 1000 Route du Nord, 82000 Montauban;Mango es portes de Montauban, 1000 Route du Nord, 82000 Montauban;44.04296249999999,1.3886079;82000;MONTAUBAN;Mme LALLEMENT;05 63 20 40 32;;;https://shop.mango.com/fr/fr/stores/montauban/les-portes-de-montauban/9820;https://ogreen.fr/wp-content/uploads/2022/10/mango-logo-copie.png
ENT-0208;Cache Cache;Prêt-à-porter, vêtements et chaussures;Lieu dit Artel Est 82100 Castelsarrasin;Cache Cache Lieu dit Artel Est 82100 Castelsarrasin;44.06776,1.09645;82100;CASTELSARRASIN;MOULIS; 05 63 05 17 01;;;https://www.cache-cache.fr/?utm_source=gmb;https://media.ouest-france.fr/assets-pcm/60c6df3b-79d5-49be-aaab-35258540e154?width=940&fit=outside
ENT-0209;Black Store;Prêt-à-porter, vêtements et chaussures;Parc Commercial Aussonne, 799 Route du nord, 82000 Montauban;Black Store Parc Commercial Aussonne, 799 Route du nord, 82000 Montauban;44.0426373,1.384762;82000;MONTAUBAN;;05 63 21 99 05;;;https://www.blackstore.fr/;https://encrypted-tbn0.gstatic.com/images?q=tbn:ANd9GcSNkSQk_ykr2h0xmZAZIE8KH7wWzGCkRz07FJeHWBvO0AzofOheZqMZqDrQ&s=10
ENT-0210;BLACKSTORE ;Prêt-à-porter, vêtements et chaussures;Route de Moissac 82100 Castelsarrasin;BLACKSTORE  Route de Moissac 82100 Castelsarrasin;44.0613185,1.0979271;82100;CASTELSARRASIN;Mr, LOPEZ RODRIGUEZ; 05 32 64 00 05;06 20 97 44 23;;https://www.blackstore.fr/;https://encrypted-tbn0.gstatic.com/images?q=tbn:ANd9GcSNkSQk_ykr2h0xmZAZIE8KH7wWzGCkRz07FJeHWBvO0AzofOheZqMZqDrQ&s=10
ENT-0211;Gemo;Prêt-à-porter, vêtements et chaussures;Route de Moissac 82100 Castelsarrasin;Gemo Route de Moissac 82100 Castelsarrasin;44.0613185,1.0979271;82100;CASTELSARRASIN;SIRE; 05 63 39 03 26;;;https://www.gemo.fr/magasin/GEMO_CASTELSARRASIN_chaussures_et_vetements/GEMO_4042;https://www.pagesjaunes.fr/media/agc/80/ed/2f/00/00/a7/00/3d/65/69/665880ed2f0000a7003d6569/665880ed2f000080743d656a.jpg
ENT-0212;Magasin DistriCenter Castelsarrasin;Prêt-à-porter, vêtements et chaussures;Route Nationale 113 82100 Castelsarrasin;Magasin DistriCenter Castelsarrasin Route Nationale 113 82100 Castelsarrasin;44.0783382,1.0918911;82100;CASTELSARRASIN;;05 63 95 12 54;;;https://www.districenter.fr/;https://media.licdn.com/dms/image/v2/C4D0BAQHgimlFWeoyQQ/company-logo_200_200/company-logo_200_200/0/1630572690000/districenter_france_logo?e=2147483647&v=beta&t=gqh6S-lUL9pdi5n9x3rvmRa8kOfFTMSlxFeh5GQxN-w
ENT-0213;Degriffstock Montauban Vêtements;Prêt-à-porter, vêtements et chaussures;1189 Av. Henry Dunant, 82000 Montauban;Degriffstock Montauban Vêtements 1189 Av. Henry Dunant, 82000 Montauban;43.998835,1.352857;82000;MONTAUBAN;;05 63 64 03 92;;montauban@degriffstock.fr;https://www.degriffstock.com/magasins/17-degriffstock-montauban-vetements?srsltid=AfmBOopaz6wR_Q6weYLkgt2-N4nx_jCwb5tTqo9fCzqXLTbbYbybhyOr;https://encrypted-tbn0.gstatic.com/images?q=tbn:ANd9GcRXgb0RU0MnNSjFCxutbuEi49jCp3cHp4ezKQxVaWsBoA&s
ENT-0214;Le 11 (JMC COMPANY);Prêt-à-porter, vêtements et chaussures;11 Rue de la République, 82200 Moissac, France;Le 11 (JMC COMPANY) 11 Rue de la République, 82200 Moissac, France;44.1042467,1.0848656;82200;MOISSAC;M. Joseph;;;;https://www.facebook.com/le11concept/;https://www.pagesjaunes.fr/media/newdam/a2/fb/2d/00/00/77/f4/4c/71/d6/69a9a2fb2d000077f44c71d6/69a9a2fb2d000077f44c71d7.png
ENT-0215;Hello Horse (PADD);Magasin de sport; 56 RUE DE PATER 82000 MONTAUBAN;Hello Horse (PADD)  56 RUE DE PATER 82000 MONTAUBAN;44.0317393,1.3721768;82000;MONTAUBAN;GABAS Elodie;05 63 63 34 05;;montauban@padd,fr;https://www.padd.fr/nos-magasins/128-montauban?srsltid=AfmBOooMV6aR_2Hz2GFk-H-O3KgkGOT1nHCHkotkqfHCJqmyQv1_D5VC;https://encrypted-tbn0.gstatic.com/images?q=tbn:ANd9GcTap6i9Y7mCImK40V_uE8So3HwkdoOxIW06ePrzguUIKBCC8UK7sq3GW2w&s=10
ENT-0216;Brico M;Grande surface de bricolage;Chemin des Rondes – 47220 ASTAFFORT;Brico M Chemin des Rondes – 47220 ASTAFFORT;44.05940021261202, 0.6513532534873537;47220;ASTAFFORT;POTEL Natacha;05 53 67 16 24;;mag,bricom@gmail,com;https://www.brico-m.fr/;https://encrypted-tbn0.gstatic.com/images?q=tbn:ANd9GcRBYt4JMYpp9e6OYInCRN9q08PB3St9fVrC4vr1RusHAg&s=10
ENT-0217;PERF IMMO (Century 21);Agence Immobilière ;241 Rue Gaston Doumergue, 31170 Tournefeuille, France;PERF IMMO (Century 21) 241 Rue Gaston Doumergue, 31170 Tournefeuille, France;43.5876112,1.3548748;31170;TOURNEFEUILLE;;05 36 09 19 69;;;https://www.century21.fr/trouver_agence/agence/3726216437/;https://www.pagesjaunes.fr/media/agc/df/4b/82/00/00/94/9a/87/d4/dd/5dc3df4b820000949a87d4dd/5dc3df4b820000949a87d4de.png
ENT-0218;COMPTOIR ELECTRIQUE FRANCAIS (yesss electrique Montauban);Matériaux de construction;34 Rue Voltaire, 82000 Montauban, France;COMPTOIR ELECTRIQUE FRANCAIS (yesss electrique Montauban) 34 Rue Voltaire, 82000 Montauban, France;44.0379533,1.3610536;82000;MONTAUBAN;JORDAN BOROT;06 49 67 41 08;;JORDAN.BOROT@YESSS.FR;https://www.yesss-fr.com/infoAgence/yesss-montauban;https://encrypted-tbn0.gstatic.com/images?q=tbn:ANd9GcQGfKmAbSNw_dkCv46KoT1j9RVH3HkUGRPpPcEwkFnoIIucxTTfvev4ZZN_&s=10
ENT-0219;MS REVETEMENTS (SASU PANAROTTO);Matériaux de construction;127 Route de Castelsarrasin, 82210 Angeville, France;MS REVETEMENTS (SASU PANAROTTO) 127 Route de Castelsarrasin, 82210 Angeville, France;44.0017198,1.028334;82210;ANGEVILLE;jerome panarotto;05 63 04 15 12;;info@ms_revetements.fr;https://ms-revetements-82.fr/;https://encrypted-tbn0.gstatic.com/images?q=tbn:ANd9GcT4Ijxas151KQ3n1-NrBomyKDVBd4NIlVgLtiiN7_B-hizcqnu8oVV3X84&s=10
ENT-0220;CHAUSSON MATERIAUX BEAUMONT;Matériaux de construction;Rue de Bordevieille, 82500 Beaumont-de-Lomagne, France;CHAUSSON MATERIAUX BEAUMONT Rue de Bordevieille, 82500 Beaumont-de-Lomagne, France;43.8902451,1.0065515;82500;BEAUMONT-DE-LOMAGNE; ;05 63 65 22 45;;gaetan.machado@chausson.fr;https://www.chausson.fr/agences/477?utm_source=fiche&utm_medium=GMB;https://historyandbusiness.fr/wp-content/uploads/2021/03/chausson_materiaux-1.png
ENT-0221;KRAIEM LAMAIZ (Commerces de détail d'optique);Opticien;35 Av. Jean Moulin, 31400 Toulouse, France;KRAIEM LAMAIZ (Commerces de détail d'optique) 35 Av. Jean Moulin, 31400 Toulouse, France;43.580069,1.4414008;31400;TOULOUSE; ;05 64 72 31 46;;lol.empalot@gmail.com;https://www.pagesjaunes.fr/pros/59749594;https://www.pagesjaunes.fr/media/newdam/preset-thumbnail-logo-desktop/04/05/2f/00/00/d7/76/38/1d/16/665f04052f0000d776381d16/665f04052f0000d776381d17.jpg
ENT-0222;GARAGE OUSTRIC (AUTO OUSTRIC);Concession automobile;826 Rte de Montauban, 82500 Beaumont-de-Lomagne, France;GARAGE OUSTRIC (AUTO OUSTRIC) 826 Rte de Montauban, 82500 Beaumont-de-Lomagne, France;43.8910536,1.0114394;82500;BEAUMONT-DE-LOMAGNE; ;;;;https://www.auto-oustric.com/;https://www.auto-oustric.com/ressources/images/2edc01c1e25d.png
ENT-0223;SARL L.M.A.G (B&M);Magasin d'ameublement et de décoration;700 Av. de Paris, 82000 Montauban, France;SARL L.M.A.G (B&M) 700 Av. de Paris, 82000 Montauban, France;44.0345793,1.3778628;82000;MONTAUBAN; ;06 80 56 97 66;;bm.montauban@bmstores.fr;https://bmstores.fr/?utm_campaign=mybusiness-website&utm_medium=organic&utm_source=google;https://www.pagesjaunes.fr/media/agc/6d/9e/30/00/00/39/00/fd/37/b0/66f56d9e3000003900fd37b0/66f56d9f30000044d4fd37b3.jpg
ENT-0224;ECOUTER VOIR (CENTRE OPTIQUE MUTUALISTE);Opticien;12 Rue de la République, 82200 Moissac, France;ECOUTER VOIR (CENTRE OPTIQUE MUTUALISTE) 12 Rue de la République, 82200 Moissac, France;44.10433260000001,1.0845862;82200;MOISSAC; ;;;MOISSACOPTIQUE@UDM82.FR;https://magasins.ecoutervoir.fr/occitanie/tarn-et-garonne/moissac/ecouter-voir-optique-mutualiste-799?locale=fr&utm_campaign=referencement&utm_medium=affiliate_organic&utm_source=gmb;https://www.pagesjaunes.fr/media/agc/1e/65/31/00/00/ae/a0/c4/ec/56/6a281e65310000aea0c4ec56/6a281e65310000aea0c4ec57.jpg
ENT-0225;NATO'PTIK (MANEO OPTIQUE ET AUDITION);Opticien;Rte de Toulouse, 46000 Le Montat, France;NATO'PTIK (MANEO OPTIQUE ET AUDITION) Rte de Toulouse, 46000 Le Montat, France;44.417092,1.4388769;46090;LE MONTAT; ;06 80 66 18 90;;aurelien.n@mango.com;https://www.maneo.com/magasin/cahors-le-montat/;https://www.pagesjaunes.fr/media/agc/31/94/32/00/00/37/00/e4/de/a2/668d31943200003700e4dea2/668d3194320000d321e4dea4.jpg
ENT-0226;DELPECH SPORT 2000 ;Magasin de sport;69 Rue de la République, 31330 Grenade, France;DELPECH SPORT 2000  69 Rue de la République, 31330 Grenade, France;43.7722558,1.2921729;31330;GRENADE; ;05 61 82 65 04;;delpechsport2000@gmail.com;https://delpech-sport2000-grenade.fr/;https://delpech-sport2000-grenade.fr/uploads/media/images/cms/medias/thumb_/cms/medias/635271e8ccb57_images_medium.png
ENT-0227;LA HALLE - AGEN;;All. de Riols, 47000 Agen, France;LA HALLE - AGEN All. de Riols, 47000 Agen, France;44.17913,0.621219;47000;AGEN; ;;;;https://www.lahalle.com/?at_campaign=magasin&at_medium=gmb;https://storage.googleapis.com/wizville-public-eu/uploads/theme/brand_logo_picture/12616/desktop_d77fac3eae58c50d12761c23643dcbcffe9db6d88de6e7141f0d018b0baa385dc285da61a49b0d1c_Capture%2Bd_e_cran%2B2024-11-20%2Ba_%2B11.04.08.png
ENT-0228;SEPHORA;Cosmétique - Parfumerie;36 Rue Garonne, 47000 Agen, France;SEPHORA 36 Rue Garonne, 47000 Agen, France;44.20429559999999,0.6164696;47000;AGEN; ;;;;https://www.sephora.fr/information-magasin/?storeID=S3961&utm_source=local&utm_support=organic&utm_campaign=uberall;https://cdn2.telephone.city/webp/960/sephora.png
ENT-0229;VERTBAUDET;Prêt-à-porter, vêtements et chaussures;Le Square d'Aussonne, 485 Rte du N, 82000 Montauban, France;VERTBAUDET Le Square d'Aussonne, 485 Rte du N, 82000 Montauban, France;44.0402803,1.3822487;82000;MONTAUBAN; ;;;;https://magasin.vertbaudet.fr/54-vertbaudet-montauban?utm_source=gmb;https://media.cylex-locale.fr/companies/1416/4893/logo/logo17081183.jpg
ENT-0230;ANIMAGEN (TERRANIMO);Jardinerie, animalerie;ZAC DE LAMOTHE MAGNAC 47550 BOE;ANIMAGEN (TERRANIMO) ZAC DE LAMOTHE MAGNAC 47550 BOE;44.1592086,0.6284752;47550;BOE; ;;;;https://www.terranimo.fr/;
ENT-0231;HEMA FRANCE;Magasin d'ameublement et de décoration;13 Rue des Changes, 31000 Toulouse, France;HEMA FRANCE 13 Rue des Changes, 31000 Toulouse, France;43.6006168,1.4437126;31000;TOULOUSE; ;;;;https://magasins.hema.com/fr/toulouse/hema-toulouse-rue-des-changes?y_source=1_MTU0NTcwOTUtNzE1LWxvY2F0aW9uLndlYnNpdGU%3D;https://www.pagesjaunes.fr/media/newdam/preset-export-large/6f/72/30/00/00/3e/00/b7/81/cb/66f56f723000003e00b781cb/66f56f72300000dad7b781ce.jpg
ENT-0232;IMMO POUR TOUS;Agence Immobilière ;26 Rue du Général Gras, 82200 Moissac, France;IMMO POUR TOUS 26 Rue du Général Gras, 82200 Moissac, France;44.1046085,1.0892393;82200;MOISSAC; ;;;;https://immo-pour-tous.net/;https://www.pagesjaunes.fr/media/agc/98/74/31/00/00/68/00/2a/ab/d3/6454987431000068002aabd3/645498753100006b9c2aabd7.png
ENT-0233;NOVA VIDA;Prêt-à-porter, vêtements et chaussures;15 Rue Sainte-Catherine, 82200 Moissac, France;NOVA VIDA 15 Rue Sainte-Catherine, 82200 Moissac, France;44.1032716,1.0839494;82200;MOISSAC;CELINE ALONSO;06 68 88 50 54;;ALONSOCELINE5@GMAIL.COM;https://www.facebook.com/people/Nova-vida/61580811932391/?rdid=AUuVADmn1zQBkZ4s&share_url=https%3A%2F%2Fwww.facebook.com%2Fshare%2F19XYgTCw81%2F;x
ENT-0234;PARFUM D'ANTAN;Cosmétique - Parfumerie;13 Pl. de l'Éperon, 82600 Verdun-sur-Garonne, France;PARFUM D'ANTAN 13 Pl. de l'Éperon, 82600 Verdun-sur-Garonne, France;43.8524276,1.2356352;82600;VERDUN-SUR-GARONNE;CHRYSTELLE BELLY;;;contact@parfumdantan.fr;https://www.facebook.com/parfumdantan.fr;https://encrypted-tbn0.gstatic.com/images?q=tbn:ANd9GcTJvCnseO_X7H_nVvXAwGNH2cpNGVy_Oo6-IWv87_FcbLDfx5sSJV-7JQR5&s=10
ENT-0235;ADOPT PARFUMS;Cosmétique - Parfumerie;48 Rue Saint-Rome, 31000 Toulouse, France;ADOPT PARFUMS 48 Rue Saint-Rome, 31000 Toulouse, France;43.6034662,1.4435027;31000;TOULOUSE; ;05 61 21 42 03;;tlsestrome@adopt.fr;https://www.adopt.com/fr?utm_campaign=Fiche_boutique_Google&utm_medium=SEO&utm_source=Google;https://storage.googleapis.com/wizville-public-eu/uploads/theme/logo/11472/0709c68d5aa30ac55fb4503e1fc55a125f4b43ea0bc1753463d0fb5cf5a3ebfab15dc62d368094dd_Plan%2Bde%2Btravail%2B1.png
ENT-0236;SA SODIBAG - e-leclerc sapiac;Grande surface alimentaire (supermarché);1230 Rue de l'Abbaye, 82000 Montauban, France;SA SODIBAG - e-leclerc sapiac 1230 Rue de l'Abbaye, 82000 Montauban, France;44.0056581,1.3550621;82000;MONTAUBAN; ;;;;https://www.e.leclerc/mag/e-leclerc-sapiac;https://encrypted-tbn0.gstatic.com/images?q=tbn:ANd9GcQZYV1JorE4ov7clVlfXyYoV4qMEYrwOW25JP9wNkIhzTBCs7mEd00e_cM&s=10
ENT-0237;MOBILE RECYCLE;Magasin d'électroménager, électronique, informatique;185 Av. des États-Unis, 31200 Toulouse, France;MOBILE RECYCLE 185 Av. des États-Unis, 31200 Toulouse, France;43.6396108,1.4284368;31200;TOULOUSE; ;;;;https://www.smartdiscount31.com/toulouse-nord/?utm_source=google&utm_medium=organic&utm_campaign=gmb&utm_content=nord&store=nord;https://media.licdn.com/dms/image/v2/D4E0BAQE0qKbAbzZ1wQ/company-logo_200_200/company-logo_200_200/0/1666944604167/mobile_recycle_logo?e=2147483647&v=beta&t=yaRsDDyxpMAcXZSO-KM0AjqWmEkhoc8EaoQWU5PvGI4
ENT-0238;LITERIE 47;Grande surface de bricolage;82 Av. de Bigorre, 47550 Boé, France;LITERIE 47 82 Av. de Bigorre, 47550 Boé, France;44.1809324,0.6330037000000001;47550;BOE; ;;;;https://www.grandlitier.com/magasin-literie/grand-litier-47550-boe-lot-et-garonne-47?utm_source=gmb&gad_source=1&gad_campaignid=23341206152&gbraid=0AAAAADxV5CP4Pt-TYVceaoi8Fhs2xHsyG&gclid=Cj4KCQjwzY7VBhDwARItAFtPvBSCFe4Yr98oihUdd6XTX3fR7KL7PgX4mfEl94CcW8Go350iy1yyMB42GgKjNhAC8P8HAQ;https://www.pagesjaunes.fr/media/newdam/preset-export-medium/7c/33/31/00/00/b9/4a/f8/2a/2b/6a607c33310000b94af82a2b/6a607c33310000b94af82a2c.png
ENT-0240;GAMM VERT SUD OUEST;Grande surface de bricolage;1550 Rte du Canal, 82700 Montbartier, France;GAMM VERT SUD OUEST 1550 Rte du Canal, 82700 Montbartier, France;43.9244141,1.2612673;82700;MONTBARTIER; ;06 29 12 44 81;;;https://www.gammvert.fr/;https://upload.wikimedia.org/wikipedia/fr/8/81/GammvertLogo.gif?utm_source=fr.wikipedia.org&utm_campaign=index&utm_content=original
ENT-0241;SAFTY LEROY SEBASTIEN;Agence Immobilière ;55 Rue Despeyroux, 82500 Beaumont-de-Lomagne, France;SAFTY LEROY SEBASTIEN 55 Rue Despeyroux, 82500 Beaumont-de-Lomagne, France;43.8821404,0.9890011999999999;82500;BEAUMONT-DE-LOMAGNE; ;06 87 26 43 31;;sebastien.leroy@safti.fr;https://www.safti.fr/votre-conseiller-safti/sebastien-leroy;https://ac-franchise.com/uploads/2017/02/logo-franchise-safti.jpg
ENT-0242;CHAUSSON MATERIAUX;Grande surface de bricolage;430 Av. de Paris, 82000 Montauban, France;CHAUSSON MATERIAUX 430 Av. de Paris, 82000 Montauban, France;44.032964,1.3758157;82000;MONTAUBAN; ;;;;https://www.chausson.fr/agences/477;https://historyandbusiness.fr/wp-content/uploads/2021/03/chausson_materiaux-1.png
ENT-0243;CONCEPT IMMOBILIER DU MIDI OCCITANIE;Agence Immobilière ;80 All. des Demoiselles, 31400 Toulouse, France;CONCEPT IMMOBILIER DU MIDI OCCITANIE 80 All. des Demoiselles, 31400 Toulouse, France;43.58776,1.4596126;31400;TOULOUSE; ;;;;https://www.agencecim.fr/;https://encrypted-tbn0.gstatic.com/images?q=tbn:ANd9GcQsN1GaBU9LX4hRcunbxPJBLGPxgVwbf7gK0nIPzv4m&s=10
ENT-0244;GEMO 05568;Prêt-à-porter, vêtements et chaussures;981 Av. Henry Dunant, 82000 Montauban, France;GEMO 05568 981 Av. Henry Dunant, 82000 Montauban, France;44.0000372,1.3548697;82000;MONTAUBAN; ;;05 63 63 45 23;05568@pdv.gemo.fr;https://www.gemo.fr/magasin/GEMO_MONTAUBAN_chaussures_et_vetements/GEMO_5568;https://encrypted-tbn0.gstatic.com/images?q=tbn:ANd9GcRAAiMLm9VBSNN61zfFXJd9m5jzd6o2aTiH6XxVyGjbjg&s=10
ENT-0245;GARAGE DES TOURELLES;Entretien automobile;117 Chem. des Tourelles, 82210 Saint-Nicolas-de-la-Grave, France;GARAGE DES TOURELLES 117 Chem. des Tourelles, 82210 Saint-Nicolas-de-la-Grave, France;44.06891299999999,1.0162747;82210;SAINT-NICOLAS-DE-LA-GRAVE;ROLAND PALUZZANO;;;GARAGELESTOURELLES@GMAIL.COM;https://www.1001pneus.fr/garage-des-tourelles-82210-saint-nicolas-de-la-grave-cdm29732-ga-pn;
ENT-0246;SAFTI Sabrina Vion;Agence Immobilière ;1370 Rte de Cadars, 82700 Montech, France;SAFTI Sabrina Vion 1370 Rte de Cadars, 82700 Montech, France;43.957565,1.252671;82700;MONTECH; ;;07 87 13 49 56;;https://www.safti.fr/votre-conseiller-safti/sabrina-vion;https://encrypted-tbn0.gstatic.com/images?q=tbn:ANd9GcRmoWWazYDW8BMS_DU24fKncHIkQeGS2Me-G-Pn7_rv&s
ENT-0247;L'AGENCE PRO;Agence Immobilière ;29 Rue Alphonse Daudet, 82000 Montauban, France;L'AGENCE PRO 29 Rue Alphonse Daudet, 82000 Montauban, France;44.03670899999999,1.374552;82000;MONTAUBAN; ;05 63 20 17 34;;;https://www.lagencepro.com/;https://encrypted-tbn0.gstatic.com/images?q=tbn:ANd9GcR5mxkU7R3yGbcMN_Uvi3-zgXC8iJ8WH_DRAe_diKy91d_RiB7UwNtX9Ng&s=10
ENT-0249;BH MATERIAUX;Grande surface de bricolage;138 Rte de Montbarla, 82110 Lauzerte, France;BH MATERIAUX 138 Rte de Montbarla, 82110 Lauzerte, France;44.246224,1.131313;82110;LAUZERTE;Stéphanie Laffont;05 63 95 39 08;;stephanie.laffont@groupelaffont.fr;https://bh-materiaux.com/;https://bh-materiaux.com/images/bh-materiaux.png
ENT-0250;SAS MACARD 47;Concession automobile;ZAC LAMOTHE-MAGNAC, 3 All. Larroumet et Lagarde, 47550 Boé, France;SAS MACARD 47 ZAC LAMOTHE-MAGNAC, 3 All. Larroumet et Lagarde, 47550 Boé, France;44.1765641,0.6257315;47550;BOE; ;;;;https://www.groupemacard.fr/concessions/peugeot-macard-47-agen-boe/;https://encrypted-tbn0.gstatic.com/images?q=tbn:ANd9GcSGFij2ciruiuNiQvqPeJjhy4PYNRK79H_qgDFrYcQwNKinz-EoppxSkQw&s=10
ENT-0251;LTL IIRIPISCINE;Grande surface de bricolage;1B Rue Voltaire, 82000 Montauban, France;LTL IIRIPISCINE 1B Rue Voltaire, 82000 Montauban, France;44.0320568,1.3761484;82000;MONTAUBAN; ;05 63 20 58 96;;irri82mon@irripiscine.fr;https://magasin.irripiscine.fr/occitanie/tarn-et-garonne/montauban/irripiscine-by-irrijardin-montauban;https://media.cylex-locale.fr/companies/1308/7867/logo/logo.jpg
ENT-0252;LE CABAS D'OLIVIA;Grande surface alimentaire (supermarché);1105 Rte de Grenade, 82600 Aucamville, France;LE CABAS D'OLIVIA 1105 Rte de Grenade, 82600 Aucamville, France;43.7954449,1.2319245;82600;VERDUN-SUR-GARONNE; ;07 44 53 68 56;;oliviasaintmacarypro@gmail.com;https://lecabasdolivia.fr/;https://assets.zyrosite.com/cdn-cgi/image/format=auto,w=375,fit=crop,q=95/A0xwyk7g8khbpP8l/pp-150x150px_png-1-A3Ql1JVzBzSg9X2Y.png
ENT-0253;HUMAN IMMOBILIER;Agence Immobilière ;10 Pl. nationale, 82400 Valence, France;HUMAN IMMOBILIER 10 Pl. nationale, 82400 Valence, France;44.106754,0.8904160999999999;82400;VALENCE; ;07 85 50 90 86;;c.flanquart@human-immobilier.fr;https://www.human-immobilier.fr/valence-d-agen;https://encrypted-tbn0.gstatic.com/images?q=tbn:ANd9GcQ__hvtcbZNc7-yppD5yeSCcJXUOZXBhLB65g8B-j0TsSNXfowfPPKWo4SI&s=10
ENT-0254;DOMPEYRE LESTRADE IMMOBILIER;Agence Immobilière ;15 Rue du Marché, 82200 Moissac, France;DOMPEYRE LESTRADE IMMOBILIER 15 Rue du Marché, 82200 Moissac, France;44.10301279999999,1.0867655;82200;MOISSAC; ;;;contact@dompeyre-lestrade.com;https://dl-immo.fr;https://encrypted-tbn0.gstatic.com/images?q=tbn:ANd9GcTGlLs-p9tTWDTsmgb0kKQwPSJPXzTiSjG3SkpF-4dUfA&s=10
ENT-0255;DARTY GE GROUPE GARNIER ROQUES;Magasin d'électroménager, électronique, informatique;Berlingous, 46220 Prayssac, France;DARTY GE GROUPE GARNIER ROQUES Berlingous, 46220 Prayssac, France;44.5031978,1.1750944;46220;PRAYSSAC; ;;;jean-claude.garnier@darty.fr;https://magasin.darty.com/213-darty-prayssac;https://storage.leadformance.com/assets/production-front-offices/v3-darty/v1.38.4/assets/images/header/sprite_darty_logo.png
ENT-0256;PANDA MARKET;Grande surface alimentaire (supermarché);Panda Market, 945 Av. Henry Dunant, 82000 Montauban, France;PANDA MARKET Panda Market, 945 Av. Henry Dunant, 82000 Montauban, France;44.000576,1.3555521;82000;MONTAUBAN; ;07 81 68 53 91;;panda.lijenny82@gmail.com;;https://encrypted-tbn0.gstatic.com/images?q=tbn:ANd9GcQHC14LfHITmjHgdHslV3Ab10x9vzDUDvl2WXXPv1XZpBoHIqrwmCVFZzg&s=10
ENT-0257;LDLC BOUTIQUES;Magasin d'électroménager, électronique, informatique;Za Futuropole, 410 Av. André Jorigne, 82000 Montauban, France;LDLC BOUTIQUES Za Futuropole, 410 Av. André Jorigne, 82000 Montauban, France;44.0367573,1.3841341;82000;MONTAUBAN; ;;;montauban@ldlc.com;https://www.ldlc.com/magasins-ldlc/magasin-470138/82-ldlc-montauban/;https://encrypted-tbn0.gstatic.com/images?q=tbn:ANd9GcTIt-rBXrMwcUsSZM6fAsNB31MxNSnLTMlnd8b910VT2hdvmZKawxtz-YkK&s=10
